cluster,filename,path,is_valid_pdf,size,arnumber,url
cluster_0,2023 Adaptive Mental Health And Mood Uplifting Chatbot.pdf,ieee_pipeline_outputs\cluster_0\2023 Adaptive Mental Health And Mood Uplifting Chatbot.pdf,False,244,,
cluster_0,2023 Advancing Mental Health Diagnostics GPT-Based Method for Depression Detection.pdf,ieee_pipeline_outputs\cluster_0\2023 Advancing Mental Health Diagnostics GPT-Based Method for Depression Detection.pdf,False,244,,
cluster_0,2023 ChatGPTs Evolution in Reshaping Cognitive Behavioral Therapy.pdf,ieee_pipeline_outputs\cluster_0\2023 ChatGPTs Evolution in Reshaping Cognitive Behavioral Therapy.pdf,False,244,,
cluster_0,2023 Conceptualizing Suicidal Behavior Utilizing Explanations of Predicted Outcomes to Analyze Longitudinal Social Media Data.pdf,ieee_pipeline_outputs\cluster_0\2023 Conceptualizing Suicidal Behavior Utilizing Explanations of Predicted Outcomes to Analyze Longitudinal Social Media Data.pdf,False,244,,
cluster_0,2023 Digital Art Therapy with Gen AI Mind Palette.pdf,ieee_pipeline_outputs\cluster_0\2023 Digital Art Therapy with Gen AI Mind Palette.pdf,False,244,,
cluster_0,2023 Kiosk AI Chatbot Monitoring System for Early Detection of Mental Illness Among the Prisoners.pdf,ieee_pipeline_outputs\cluster_0\2023 Kiosk AI Chatbot Monitoring System for Early Detection of Mental Illness Among the Prisoners.pdf,False,244,,
cluster_0,2023 Knowledge-enhanced Pre-training large language model for depression diagnosis and treatment.pdf,ieee_pipeline_outputs\cluster_0\2023 Knowledge-enhanced Pre-training large language model for depression diagnosis and treatment.pdf,False,244,,
cluster_0,2024 A Binary Question Answering System for Diagnosing Mental Health Syndromes powered by Large Language Model with Custom-Built Dataset.pdf,ieee_pipeline_outputs\cluster_0\2024 A Binary Question Answering System for Diagnosing Mental Health Syndromes powered by Large Language Model with Custom-Built Dataset.pdf,False,244,,
cluster_0,2024 A Family-History Based Conversational AI System Using LLM.pdf,ieee_pipeline_outputs\cluster_0\2024 A Family-History Based Conversational AI System Using LLM.pdf,False,244,,
cluster_0,2024 A Knowledge Graph and Large Language Model-Based Framework for Depression Detection.pdf,ieee_pipeline_outputs\cluster_0\2024 A Knowledge Graph and Large Language Model-Based Framework for Depression Detection.pdf,False,244,,
cluster_0,2024 Advancing Mental Health Pre-Screening A New Custom GPT for Psychological Distress Assessment.pdf,ieee_pipeline_outputs\cluster_0\2024 Advancing Mental Health Pre-Screening A New Custom GPT for Psychological Distress Assessment.pdf,False,244,,
cluster_0,2024 Assessing Empathy in Mental Health Caregivers using Conversational AI.pdf,ieee_pipeline_outputs\cluster_0\2024 Assessing Empathy in Mental Health Caregivers using Conversational AI.pdf,False,244,,
cluster_0,2024 Athlete-LLMs A Specialized Large Language Model for Athlete Psychology.pdf,ieee_pipeline_outputs\cluster_0\2024 Athlete-LLMs A Specialized Large Language Model for Athlete Psychology.pdf,False,244,,
cluster_0,2024 Comparative Study on the Performance of LLM-based Psychological Counseling Chatbots via Prompt Engineering Techniques.pdf,ieee_pipeline_outputs\cluster_0\2024 Comparative Study on the Performance of LLM-based Psychological Counseling Chatbots via Prompt Engineering Techniques.pdf,False,244,,
cluster_0,2024 Convcounsel A Conversational Dataset for Student Counseling.pdf,ieee_pipeline_outputs\cluster_0\2024 Convcounsel A Conversational Dataset for Student Counseling.pdf,False,244,,
cluster_0,2024 Decoding Linguistic Nuances in Mental Health Text Classification Using Expressive Narrative Stories.pdf,ieee_pipeline_outputs\cluster_0\2024 Decoding Linguistic Nuances in Mental Health Text Classification Using Expressive Narrative Stories.pdf,False,244,,
cluster_0,2024 Design and Implementation of an AI-Driven Mental Health Chatbot A Generative AI Model.pdf,ieee_pipeline_outputs\cluster_0\2024 Design and Implementation of an AI-Driven Mental Health Chatbot A Generative AI Model.pdf,False,244,,
cluster_0,2024 Development of a Mental Health Chatbot Using Large Language Models for Indonesian Undergraduates.pdf,ieee_pipeline_outputs\cluster_0\2024 Development of a Mental Health Chatbot Using Large Language Models for Indonesian Undergraduates.pdf,False,244,,
cluster_0,2024 Do We Dare Use Generative AI for Mental Health.pdf,ieee_pipeline_outputs\cluster_0\2024 Do We Dare Use Generative AI for Mental Health.pdf,False,244,,
cluster_0,2024 Dopamiini Real-Time Interaction to Combating Loneliness with Smart Wheelchair Integrated Chatbot Support Model.pdf,ieee_pipeline_outputs\cluster_0\2024 Dopamiini Real-Time Interaction to Combating Loneliness with Smart Wheelchair Integrated Chatbot Support Model.pdf,False,244,,
cluster_0,2024 Effective Integration and Use of Non-Development LLMs in Software Development.pdf,ieee_pipeline_outputs\cluster_0\2024 Effective Integration and Use of Non-Development LLMs in Software Development.pdf,False,244,,
cluster_0,2024 EmbraceEase- Your Personal Oasis in Virtual Landscape.pdf,ieee_pipeline_outputs\cluster_0\2024 EmbraceEase- Your Personal Oasis in Virtual Landscape.pdf,False,244,,
cluster_0,2024 Enhancing Emotional Support Conversation System via Integrating Mental State-Strategy Reasoning.pdf,ieee_pipeline_outputs\cluster_0\2024 Enhancing Emotional Support Conversation System via Integrating Mental State-Strategy Reasoning.pdf,False,244,,
cluster_0,2024 Enhancing Human-Computer Interaction with Generative AI.pdf,ieee_pipeline_outputs\cluster_0\2024 Enhancing Human-Computer Interaction with Generative AI.pdf,False,244,,
cluster_0,2024 Enhancing Patient Intake Process in Mental Health Consultations Using RAG-Driven Chatbot.pdf,ieee_pipeline_outputs\cluster_0\2024 Enhancing Patient Intake Process in Mental Health Consultations Using RAG-Driven Chatbot.pdf,False,244,,
cluster_0,2024 Enhancing therapeutic engagement in Mental Health through Virtual Reality and Generative AI a co-creation approach to trust building.pdf,ieee_pipeline_outputs\cluster_0\2024 Enhancing therapeutic engagement in Mental Health through Virtual Reality and Generative AI a co-creation approach to trust building.pdf,False,244,,
cluster_0,2024 Exploring the Efficacy of Robotic Assistants with ChatGPT and Claude in Enhancing ADHD Therapy Innovating Treatment Paradigms.pdf,ieee_pipeline_outputs\cluster_0\2024 Exploring the Efficacy of Robotic Assistants with ChatGPT and Claude in Enhancing ADHD Therapy Innovating Treatment Paradigms.pdf,False,244,,
cluster_0,2024 Exploring the Intersection of Generative AI and Cognitive Science Insights and Implications.pdf,ieee_pipeline_outputs\cluster_0\2024 Exploring the Intersection of Generative AI and Cognitive Science Insights and Implications.pdf,False,244,,
cluster_0,2024 Generative AI and Emotional Health Innovations with Haystack.pdf,ieee_pipeline_outputs\cluster_0\2024 Generative AI and Emotional Health Innovations with Haystack.pdf,False,244,,
cluster_0,2024 Generative AI for Psychology and Mental Health Review Study.pdf,ieee_pipeline_outputs\cluster_0\2024 Generative AI for Psychology and Mental Health Review Study.pdf,False,244,,
cluster_0,2024 Implementing Cognitive Behavioral Therapy in Chatbots to Reduce Students’ Exam Stress using ChatGPT.pdf,ieee_pipeline_outputs\cluster_0\2024 Implementing Cognitive Behavioral Therapy in Chatbots to Reduce Students’ Exam Stress using ChatGPT.pdf,False,244,,
cluster_0,2024 Large Language Models in Psychiatry Current Applications Limitations and Future Scope.pdf,ieee_pipeline_outputs\cluster_0\2024 Large Language Models in Psychiatry Current Applications Limitations and Future Scope.pdf,False,244,,
cluster_0,2024 Leveraging LLMs for Mental Health Detection and Recommendations from Social Discussions.pdf,ieee_pipeline_outputs\cluster_0\2024 Leveraging LLMs for Mental Health Detection and Recommendations from Social Discussions.pdf,False,244,,
cluster_0,2024 LLM-Therapist A RAG-Based Multimodal Behavioral Therapist as Healthcare Assistant.pdf,ieee_pipeline_outputs\cluster_0\2024 LLM-Therapist A RAG-Based Multimodal Behavioral Therapist as Healthcare Assistant.pdf,False,244,,
cluster_0,2024 Mello A Large Language Model for Mental Health Counselling Conversations.pdf,ieee_pipeline_outputs\cluster_0\2024 Mello A Large Language Model for Mental Health Counselling Conversations.pdf,False,244,,
cluster_0,2024 Mental Health Assistance and Early Detection of Alzheimer and Parkinson Diseases using Deep Learning.pdf,ieee_pipeline_outputs\cluster_0\2024 Mental Health Assistance and Early Detection of Alzheimer and Parkinson Diseases using Deep Learning.pdf,False,244,,
cluster_0,2024 Mental Health Prediction using Machine Learning Models and Large Language Model.pdf,ieee_pipeline_outputs\cluster_0\2024 Mental Health Prediction using Machine Learning Models and Large Language Model.pdf,False,244,,
cluster_0,2024 MindLift – A Conversational AI Chatbot for Enhancing Mental Health.pdf,ieee_pipeline_outputs\cluster_0\2024 MindLift – A Conversational AI Chatbot for Enhancing Mental Health.pdf,False,244,,
cluster_0,2024 NeuroSafe-Advancing Mental Health using AI ML and Blockchain.pdf,ieee_pipeline_outputs\cluster_0\2024 NeuroSafe-Advancing Mental Health using AI ML and Blockchain.pdf,False,244,,
cluster_0,2024 Prompt Engineering with OpenAI ChatGPT.pdf,ieee_pipeline_outputs\cluster_0\2024 Prompt Engineering with OpenAI ChatGPT.pdf,False,244,,
cluster_0,2024 PsychSynth Advancing Mental Health AI Through Synthetic Data Generation and Curriculum Training.pdf,ieee_pipeline_outputs\cluster_0\2024 PsychSynth Advancing Mental Health AI Through Synthetic Data Generation and Curriculum Training.pdf,False,244,,
cluster_0,2024 Retrieval-Augmented Generation Based Large Language Model Chatbot for Improving Diagnosis for Physical and Mental Health.pdf,ieee_pipeline_outputs\cluster_0\2024 Retrieval-Augmented Generation Based Large Language Model Chatbot for Improving Diagnosis for Physical and Mental Health.pdf,False,244,,
cluster_0,2024 Revolutionizing Mental Health Care through LangChain A Journey with a Large Language Model.pdf,ieee_pipeline_outputs\cluster_0\2024 Revolutionizing Mental Health Care through LangChain A Journey with a Large Language Model.pdf,False,244,,
cluster_0,2024 Scale-CoT Integrating LLM with Psychiatric Scales for Analyzing Mental Health Issues on Social Media.pdf,ieee_pipeline_outputs\cluster_0\2024 Scale-CoT Integrating LLM with Psychiatric Scales for Analyzing Mental Health Issues on Social Media.pdf,False,244,,
cluster_0,2024 Self-Categorization Theory with 3D Emotional Model for Chatbot Emotional Support Systems.pdf,ieee_pipeline_outputs\cluster_0\2024 Self-Categorization Theory with 3D Emotional Model for Chatbot Emotional Support Systems.pdf,False,244,,
cluster_0,2024 Textual Therapies Harnessing Language Models for Mental Health Insights.pdf,ieee_pipeline_outputs\cluster_0\2024 Textual Therapies Harnessing Language Models for Mental Health Insights.pdf,False,244,,
cluster_0,2024 The Role of AI Counselling in Journaling for Mental Health Improvement.pdf,ieee_pipeline_outputs\cluster_0\2024 The Role of AI Counselling in Journaling for Mental Health Improvement.pdf,False,244,,
cluster_0,2024 YouMatter A Conversational AI Powered Mental Health Chatbot.pdf,ieee_pipeline_outputs\cluster_0\2024 YouMatter A Conversational AI Powered Mental Health Chatbot.pdf,False,244,,
cluster_0,2025 A Comprehensive RAG-Based LLM for AI-Driven Mental Health Chatbot.pdf,ieee_pipeline_outputs\cluster_0\2025 A Comprehensive RAG-Based LLM for AI-Driven Mental Health Chatbot.pdf,False,244,,
cluster_0,2025 A Deep Learning Approach to Intent-Driven Mental Health Disorder Detection Using RASA and NLP.pdf,ieee_pipeline_outputs\cluster_0\2025 A Deep Learning Approach to Intent-Driven Mental Health Disorder Detection Using RASA and NLP.pdf,False,244,,
cluster_0,2025 A Layered Multi-Expert Framework for Long-Context Mental Health Assessments.pdf,ieee_pipeline_outputs\cluster_0\2025 A Layered Multi-Expert Framework for Long-Context Mental Health Assessments.pdf,False,244,,
cluster_0,2025 A Survey of Large Language Models in Mental Health Disorder Detection on Social Media.pdf,ieee_pipeline_outputs\cluster_0\2025 A Survey of Large Language Models in Mental Health Disorder Detection on Social Media.pdf,False,244,,
cluster_0,2025 A Text-Based AI Chatbot for Emotional Support in Student Mental Health.pdf,ieee_pipeline_outputs\cluster_0\2025 A Text-Based AI Chatbot for Emotional Support in Student Mental Health.pdf,False,244,,
cluster_0,2025 AI - Driven Design of a Robotic Companion with Feline-Inspired Behaviors for Stress Relief.pdf,ieee_pipeline_outputs\cluster_0\2025 AI - Driven Design of a Robotic Companion with Feline-Inspired Behaviors for Stress Relief.pdf,False,244,,
cluster_0,2025 AI-Driven Chatbot Integration with MUBS for Mobile Mental Health Intervention Support.pdf,ieee_pipeline_outputs\cluster_0\2025 AI-Driven Chatbot Integration with MUBS for Mobile Mental Health Intervention Support.pdf,False,244,,
cluster_0,2025 AI-Driven Mental Health Chatbot Empowering Well-Being with Conversational AI and Retrieval-Augmented Generation.pdf,ieee_pipeline_outputs\cluster_0\2025 AI-Driven Mental Health Chatbot Empowering Well-Being with Conversational AI and Retrieval-Augmented Generation.pdf,False,244,,
cluster_0,2025 Beyond Words Gaze-Enhanced LLM-based Dialogue System for Therapeutic Purposes.pdf,ieee_pipeline_outputs\cluster_0\2025 Beyond Words Gaze-Enhanced LLM-based Dialogue System for Therapeutic Purposes.pdf,False,244,,
cluster_0,2025 Bridging Gender Disparities in Mental Health A Bilingual Large Language Model for Multilingual Therapeutic Chatbots.pdf,ieee_pipeline_outputs\cluster_0\2025 Bridging Gender Disparities in Mental Health A Bilingual Large Language Model for Multilingual Therapeutic Chatbots.pdf,False,244,,
cluster_0,2025 CalmSphere An AI for Mental Health.pdf,ieee_pipeline_outputs\cluster_0\2025 CalmSphere An AI for Mental Health.pdf,False,244,,
cluster_0,2025 Consumer Electronics and GenAI Providing User Experiences in Mental Health.pdf,ieee_pipeline_outputs\cluster_0\2025 Consumer Electronics and GenAI Providing User Experiences in Mental Health.pdf,False,244,,
cluster_0,2025 Design and Research of a Life Logging Application Using Mandala Thinking and Generative AI.pdf,ieee_pipeline_outputs\cluster_0\2025 Design and Research of a Life Logging Application Using Mandala Thinking and Generative AI.pdf,False,244,,
cluster_0,2025 Detecting Mental Health Disorder using Deep Learning.pdf,ieee_pipeline_outputs\cluster_0\2025 Detecting Mental Health Disorder using Deep Learning.pdf,False,244,,
cluster_0,2025 Detection of Mental Illness from Reddit Data using Deep Learning and Mitigation using Generative AI.pdf,ieee_pipeline_outputs\cluster_0\2025 Detection of Mental Illness from Reddit Data using Deep Learning and Mitigation using Generative AI.pdf,False,244,,
cluster_0,2025 Developing Dr. Calm An AI-Driven Chatbot for University Student Mental Health Support [WIP].pdf,ieee_pipeline_outputs\cluster_0\2025 Developing Dr. Calm An AI-Driven Chatbot for University Student Mental Health Support [WIP].pdf,False,244,,
cluster_0,2025 Development of Mental Health Prediction App for the Depression Assistance Based on AI Chatbot.pdf,ieee_pipeline_outputs\cluster_0\2025 Development of Mental Health Prediction App for the Depression Assistance Based on AI Chatbot.pdf,False,244,,
cluster_0,2025 Early Detection of Bipolar Disorder Using Generative Artificial Intelligence a Systematic Review Aligned with UN SDG 3.pdf,ieee_pipeline_outputs\cluster_0\2025 Early Detection of Bipolar Disorder Using Generative Artificial Intelligence a Systematic Review Aligned with UN SDG 3.pdf,False,244,,
cluster_0,2025 Effect of Explainable Artificial Intelligence on Trust of Mental Health Professionals in an AI-Based System for Suicide Prevention.pdf,ieee_pipeline_outputs\cluster_0\2025 Effect of Explainable Artificial Intelligence on Trust of Mental Health Professionals in an AI-Based System for Suicide Prevention.pdf,False,244,,
cluster_0,2025 EmoCare A Lightweight Emotion-Aware Chatbot for Mental Health Support using Multi-LLM Context Escalation.pdf,ieee_pipeline_outputs\cluster_0\2025 EmoCare A Lightweight Emotion-Aware Chatbot for Mental Health Support using Multi-LLM Context Escalation.pdf,False,244,,
cluster_0,2025 Emotional Advice Compared Between an Affective Intelligent Authoring Tool and Generative AI A Cognitive Walkthrough in Medical Mobile Tutor and ChatGPT.pdf,ieee_pipeline_outputs\cluster_0\2025 Emotional Advice Compared Between an Affective Intelligent Authoring Tool and Generative AI A Cognitive Walkthrough in Medical Mobile Tutor and ChatGPT.pdf,False,244,,
cluster_0,2025 Empathy in VR Immersive Storytelling to Combat Loneliness and Amplify Marginalized Voices.pdf,ieee_pipeline_outputs\cluster_0\2025 Empathy in VR Immersive Storytelling to Combat Loneliness and Amplify Marginalized Voices.pdf,False,244,,
cluster_0,2025 Engagement of Sri Lankan Medical Practitioners with AI and Mental Health Decision Support AI Chatbot.pdf,ieee_pipeline_outputs\cluster_0\2025 Engagement of Sri Lankan Medical Practitioners with AI and Mental Health Decision Support AI Chatbot.pdf,False,244,,
cluster_0,2025 Enhancing Mental Health Support Through Human-AI Collaboration Toward Secure and Empathetic AI-Enabled Chatbots.pdf,ieee_pipeline_outputs\cluster_0\2025 Enhancing Mental Health Support Through Human-AI Collaboration Toward Secure and Empathetic AI-Enabled Chatbots.pdf,False,244,,
cluster_0,2025 GenAI-based Mental Health Chatbots Efficacy Personalization and Ethical Considerations.pdf,ieee_pipeline_outputs\cluster_0\2025 GenAI-based Mental Health Chatbots Efficacy Personalization and Ethical Considerations.pdf,False,244,,
cluster_0,2025 GenAI-Powered Multilingual Digital Human An Intelligent Conversational Companion for Enhancing Elderly Mental and Emotional Well-being.pdf,ieee_pipeline_outputs\cluster_0\2025 GenAI-Powered Multilingual Digital Human An Intelligent Conversational Companion for Enhancing Elderly Mental and Emotional Well-being.pdf,False,244,,
cluster_0,2025 Generative AI-Powered Cognitive Agent for Holistic Human Performance Optimization.pdf,ieee_pipeline_outputs\cluster_0\2025 Generative AI-Powered Cognitive Agent for Holistic Human Performance Optimization.pdf,False,244,,
cluster_0,2025 Integrating Machine Learning and LLMs for Proactive Stress Management A Data-Driven Mental Health Framework.pdf,ieee_pipeline_outputs\cluster_0\2025 Integrating Machine Learning and LLMs for Proactive Stress Management A Data-Driven Mental Health Framework.pdf,False,244,,
cluster_0,2025 Mental Health Support Using Gen-AI Shot Prompting Technique and Vector Embeddings.pdf,ieee_pipeline_outputs\cluster_0\2025 Mental Health Support Using Gen-AI Shot Prompting Technique and Vector Embeddings.pdf,False,244,,
cluster_0,2025 MentalQLM A Lightweight Large Language Model for Mental Healthcare Based on Instruction Tuning and Dual LoRA Modules.pdf,ieee_pipeline_outputs\cluster_0\2025 MentalQLM A Lightweight Large Language Model for Mental Healthcare Based on Instruction Tuning and Dual LoRA Modules.pdf,False,244,,
cluster_0,2025 MindMate A Mental Health Support Chatbot with LLM Integration and Emotion Detection.pdf,ieee_pipeline_outputs\cluster_0\2025 MindMate A Mental Health Support Chatbot with LLM Integration and Emotion Detection.pdf,False,244,,
cluster_0,2025 Multi-Tiered RAG-Based Chatbot for Mental Health Support.pdf,ieee_pipeline_outputs\cluster_0\2025 Multi-Tiered RAG-Based Chatbot for Mental Health Support.pdf,False,244,,
cluster_0,2025 Personalized Mental Health Assistance with Large Language Models.pdf,ieee_pipeline_outputs\cluster_0\2025 Personalized Mental Health Assistance with Large Language Models.pdf,False,244,,
cluster_0,2025 Personalized Mental Health Interventions Using Generative AI and Multimodal Data.pdf,ieee_pipeline_outputs\cluster_0\2025 Personalized Mental Health Interventions Using Generative AI and Multimodal Data.pdf,False,244,,
cluster_0,2025 Psychological Assistance Model Based on Fine-Tuning and Knowledge Base Technology.pdf,ieee_pipeline_outputs\cluster_0\2025 Psychological Assistance Model Based on Fine-Tuning and Knowledge Base Technology.pdf,False,244,,
cluster_0,2025 PsycoLLM Enhancing LLM for Psychological Understanding and Evaluation.pdf,ieee_pipeline_outputs\cluster_0\2025 PsycoLLM Enhancing LLM for Psychological Understanding and Evaluation.pdf,False,244,,
cluster_0,2025 RAG-Based Chatbot System for Mental Health Severity Detection.pdf,ieee_pipeline_outputs\cluster_0\2025 RAG-Based Chatbot System for Mental Health Severity Detection.pdf,False,244,,
cluster_0,2025 Real-Time Mental Health Prediction Using An AI Chatbot Powered By SVM.pdf,ieee_pipeline_outputs\cluster_0\2025 Real-Time Mental Health Prediction Using An AI Chatbot Powered By SVM.pdf,False,244,,
cluster_0,2025 Real-Time Sentiment Analysis Pipeline for Yelp Customer Feedback Using ChatGPTs LLM and Distributed Systems.pdf,ieee_pipeline_outputs\cluster_0\2025 Real-Time Sentiment Analysis Pipeline for Yelp Customer Feedback Using ChatGPTs LLM and Distributed Systems.pdf,False,244,,
cluster_0,2025 SAGE A Context-Aware Approach for Mining Privacy Requirements Relevant Reviews from Mental Health Apps.pdf,ieee_pipeline_outputs\cluster_0\2025 SAGE A Context-Aware Approach for Mining Privacy Requirements Relevant Reviews from Mental Health Apps.pdf,False,244,,
cluster_0,2025 Simulation-based psychological training and assessment using large language models to improve mental health practitioner training a narrative review.pdf,ieee_pipeline_outputs\cluster_0\2025 Simulation-based psychological training and assessment using large language models to improve mental health practitioner training a narrative review.pdf,False,244,,
cluster_0,2025 Soulbot Chatbots for Mental Health Support using Gemini.pdf,ieee_pipeline_outputs\cluster_0\2025 Soulbot Chatbots for Mental Health Support using Gemini.pdf,False,244,,
cluster_0,2025 Subclassifying Sadness Enhancing Sentiment Analysis in Social Media with Large Language Model.pdf,ieee_pipeline_outputs\cluster_0\2025 Subclassifying Sadness Enhancing Sentiment Analysis in Social Media with Large Language Model.pdf,False,244,,
cluster_0,2025 Synergizing LLMs Vibes and Well-Being in Software Development.pdf,ieee_pipeline_outputs\cluster_0\2025 Synergizing LLMs Vibes and Well-Being in Software Development.pdf,False,244,,
cluster_0,2025 TeenEmpath Towards Adolescent Psychological Counseling With Multiple Personas and Strategies.pdf,ieee_pipeline_outputs\cluster_0\2025 TeenEmpath Towards Adolescent Psychological Counseling With Multiple Personas and Strategies.pdf,False,244,,
cluster_0,2025 Towards an LLM-Based Multilingual CBT Chatbot for Anxiety Management A Comparative Study and Preliminary Development.pdf,ieee_pipeline_outputs\cluster_0\2025 Towards an LLM-Based Multilingual CBT Chatbot for Anxiety Management A Comparative Study and Preliminary Development.pdf,False,244,,
cluster_0,2025 Towards Multimodal Emotional Support Conversation Systems.pdf,ieee_pipeline_outputs\cluster_0\2025 Towards Multimodal Emotional Support Conversation Systems.pdf,False,244,,
cluster_0,2025 Trust Support and Adoption Intentions Towards Generative AI are Context Dependent.pdf,ieee_pipeline_outputs\cluster_0\2025 Trust Support and Adoption Intentions Towards Generative AI are Context Dependent.pdf,False,244,,
cluster_0,2025 Understanding AI Chatbot Adoption in Education The Role of Perceived Usefulness Ease of Use and Anthropomorphic Tendencies.pdf,ieee_pipeline_outputs\cluster_0\2025 Understanding AI Chatbot Adoption in Education The Role of Perceived Usefulness Ease of Use and Anthropomorphic Tendencies.pdf,False,244,,
cluster_0,2025 Using Generative AI for Neurofeedback Content Personalization.pdf,ieee_pipeline_outputs\cluster_0\2025 Using Generative AI for Neurofeedback Content Personalization.pdf,False,244,,
cluster_0,2025 ZENMIND A Machine Learning Powered Depression Diagnosis and Treatment Recommendation System.pdf,ieee_pipeline_outputs\cluster_0\2025 ZENMIND A Machine Learning Powered Depression Diagnosis and Treatment Recommendation System.pdf,False,244,,
cluster_0,paper_73_9c4ce2d5.pdf,ieee_pipeline_outputs\cluster_0\paper_73_9c4ce2d5.pdf,False,244,11104976,https://ieeexplore.ieee.org/stampPDF/getPDF.jsp?tp=&arnumber=11104976&ref=
cluster_1,2023 A Review of the Role of ChatGPT for Clinical Decision Support Systems.pdf,ieee_pipeline_outputs\cluster_1\2023 A Review of the Role of ChatGPT for Clinical Decision Support Systems.pdf,False,244,,
cluster_1,2023 A Study of Generative Large Language Model for Healthcare.pdf,ieee_pipeline_outputs\cluster_1\2023 A Study of Generative Large Language Model for Healthcare.pdf,False,244,,
cluster_1,2023 A Study of Medical Decision Recommendation Generation and Similarity Fusion Based on CDSS and ChatGPT-4.pdf,ieee_pipeline_outputs\cluster_1\2023 A Study of Medical Decision Recommendation Generation and Similarity Fusion Based on CDSS and ChatGPT-4.pdf,False,244,,
cluster_1,2023 ChatGPT and Generative AI Guidelines for Addressing Academic Integrity and Augmenting Pre-Existing Chatbots.pdf,ieee_pipeline_outputs\cluster_1\2023 ChatGPT and Generative AI Guidelines for Addressing Academic Integrity and Augmenting Pre-Existing Chatbots.pdf,False,244,,
cluster_1,2023 ChatGPT in Education Angel or Evil -A Conceptual Model to Explore Educators Attitude Change toward ChatGPT.pdf,ieee_pipeline_outputs\cluster_1\2023 ChatGPT in Education Angel or Evil -A Conceptual Model to Explore Educators Attitude Change toward ChatGPT.pdf,False,244,,
cluster_1,2023 Context-based Fact-checking Using Knowledge Graph.pdf,ieee_pipeline_outputs\cluster_1\2023 Context-based Fact-checking Using Knowledge Graph.pdf,False,244,,
cluster_1,2023 Cyber Security Issues and Challenges Related to Generative AI and ChatGPT.pdf,ieee_pipeline_outputs\cluster_1\2023 Cyber Security Issues and Challenges Related to Generative AI and ChatGPT.pdf,False,244,,
cluster_1,2023 Deepfakes Misinformation and Disinformation in the Era of Frontier AI Generative AI and Large AI Models.pdf,ieee_pipeline_outputs\cluster_1\2023 Deepfakes Misinformation and Disinformation in the Era of Frontier AI Generative AI and Large AI Models.pdf,False,244,,
cluster_1,2023 Harnessing the Power of ChatGPT to Decimate MisDisinformation Using ChatGPT for Fake News Detection.pdf,ieee_pipeline_outputs\cluster_1\2023 Harnessing the Power of ChatGPT to Decimate MisDisinformation Using ChatGPT for Fake News Detection.pdf,False,244,,
cluster_1,2023 Improved Trust in Human-Robot Collaboration With ChatGPT.pdf,ieee_pipeline_outputs\cluster_1\2023 Improved Trust in Human-Robot Collaboration With ChatGPT.pdf,False,244,,
cluster_1,2023 Legal Risks and Governance Paths for Generative AI--A Case Study of ChatGPT.pdf,ieee_pipeline_outputs\cluster_1\2023 Legal Risks and Governance Paths for Generative AI--A Case Study of ChatGPT.pdf,False,244,,
cluster_1,2023 News Verifiers Showdown A Comparative Performance Evaluation of ChatGPT 3.5 ChatGPT 4.0 Bing AI and Bard in News Fact-Checking.pdf,ieee_pipeline_outputs\cluster_1\2023 News Verifiers Showdown A Comparative Performance Evaluation of ChatGPT 3.5 ChatGPT 4.0 Bing AI and Bard in News Fact-Checking.pdf,False,244,,
cluster_1,2023 Perception of Bias in ChatGPT Analysis of Social Media Data.pdf,ieee_pipeline_outputs\cluster_1\2023 Perception of Bias in ChatGPT Analysis of Social Media Data.pdf,False,244,,
cluster_1,2023 RealCheck A Web Application for Fake News Detection Using Natural Language Processing.pdf,ieee_pipeline_outputs\cluster_1\2023 RealCheck A Web Application for Fake News Detection Using Natural Language Processing.pdf,False,244,,
cluster_1,2023 Recognizing the Ways ChatGPT and Generative AI Will Change the World.pdf,ieee_pipeline_outputs\cluster_1\2023 Recognizing the Ways ChatGPT and Generative AI Will Change the World.pdf,False,244,,
cluster_1,2023 Talking Abortion Misinformation with ChatGPT on TikTok.pdf,ieee_pipeline_outputs\cluster_1\2023 Talking Abortion Misinformation with ChatGPT on TikTok.pdf,False,244,,
cluster_1,2023 Using ChatGPT in Daily Life.pdf,ieee_pipeline_outputs\cluster_1\2023 Using ChatGPT in Daily Life.pdf,False,244,,
cluster_1,2024 A Large Language Model-based Fake News Detection Framework with RAG Fact-Checking.pdf,ieee_pipeline_outputs\cluster_1\2024 A Large Language Model-based Fake News Detection Framework with RAG Fact-Checking.pdf,False,244,,
cluster_1,2024 A Step Towards Modern Disinformation Detection Novel Methods for Detecting LLM-Generated Text.pdf,ieee_pipeline_outputs\cluster_1\2024 A Step Towards Modern Disinformation Detection Novel Methods for Detecting LLM-Generated Text.pdf,False,244,,
cluster_1,2024 Active Learning for Practical Misinformation Classification in Social Media a Case Study on COVID-19.pdf,ieee_pipeline_outputs\cluster_1\2024 Active Learning for Practical Misinformation Classification in Social Media a Case Study on COVID-19.pdf,False,244,,
cluster_1,2024 AI as a Tool of Disinformation in the International Arena.pdf,ieee_pipeline_outputs\cluster_1\2024 AI as a Tool of Disinformation in the International Arena.pdf,False,244,,
cluster_1,2024 Analysing Emotional and Topical Patterns in Conspiracy Theory Narratives a Discourse Comparative Study on the 2023 Hawaii Wildfires.pdf,ieee_pipeline_outputs\cluster_1\2024 Analysing Emotional and Topical Patterns in Conspiracy Theory Narratives a Discourse Comparative Study on the 2023 Hawaii Wildfires.pdf,False,244,,
cluster_1,2024 Believe in Artificial Intelligence A User Study on the ChatGPT’s Fake Information Impact.pdf,ieee_pipeline_outputs\cluster_1\2024 Believe in Artificial Intelligence A User Study on the ChatGPT’s Fake Information Impact.pdf,False,244,,
cluster_1,2024 EDA Corpus A Large Language Model Dataset for Enhanced Interaction with OpenROAD.pdf,ieee_pipeline_outputs\cluster_1\2024 EDA Corpus A Large Language Model Dataset for Enhanced Interaction with OpenROAD.pdf,False,244,,
cluster_1,2024 Exploring Radiology Reports of Brain Cancer Patients Using the Advanced Large Language Model ChatGPT.pdf,ieee_pipeline_outputs\cluster_1\2024 Exploring Radiology Reports of Brain Cancer Patients Using the Advanced Large Language Model ChatGPT.pdf,False,244,,
cluster_1,2024 Integrating Generative AI for Enhanced Automation in System Design Processes.pdf,ieee_pipeline_outputs\cluster_1\2024 Integrating Generative AI for Enhanced Automation in System Design Processes.pdf,False,244,,
cluster_1,2024 Journalists Technological Trust and Willingness to Use Generative AI A Perspective Based on Risk Perception Theory.pdf,ieee_pipeline_outputs\cluster_1\2024 Journalists Technological Trust and Willingness to Use Generative AI A Perspective Based on Risk Perception Theory.pdf,False,244,,
cluster_1,2024 JSocialFact a Misinformation dataset from Social Media for Benchmarking LLM Safety.pdf,ieee_pipeline_outputs\cluster_1\2024 JSocialFact a Misinformation dataset from Social Media for Benchmarking LLM Safety.pdf,False,244,,
cluster_1,2024 Large Language Model-Assisted Arterial Traffic Signal Control.pdf,ieee_pipeline_outputs\cluster_1\2024 Large Language Model-Assisted Arterial Traffic Signal Control.pdf,False,244,,
cluster_1,2024 Large Language Model-Based Emotional Speech Annotation Using Context and Acoustic Feature for Speech Emotion Recognition.pdf,ieee_pipeline_outputs\cluster_1\2024 Large Language Model-Based Emotional Speech Annotation Using Context and Acoustic Feature for Speech Emotion Recognition.pdf,False,244,,
cluster_1,2024 Large-Language-Model-Powered Agent-Based Framework for Misinformation and Disinformation Research Opportunities and Open Challenges.pdf,ieee_pipeline_outputs\cluster_1\2024 Large-Language-Model-Powered Agent-Based Framework for Misinformation and Disinformation Research Opportunities and Open Challenges.pdf,False,244,,
cluster_1,2024 LLM-based Agent for Recommending Information Related to Web Discussions at Appropriate Timing.pdf,ieee_pipeline_outputs\cluster_1\2024 LLM-based Agent for Recommending Information Related to Web Discussions at Appropriate Timing.pdf,False,244,,
cluster_1,2024 Mental Health Prediction using Machine Learning Models and Large Language Model.pdf,ieee_pipeline_outputs\cluster_1\2024 Mental Health Prediction using Machine Learning Models and Large Language Model.pdf,False,244,,
cluster_1,2024 RISKS AND CHALLENGES TO MANAGE.pdf,ieee_pipeline_outputs\cluster_1\2024 RISKS AND CHALLENGES TO MANAGE.pdf,False,244,,
cluster_1,2024 Showcasing the Threat of Scalable Generative AI Disinformation through Social Media Simulation.pdf,ieee_pipeline_outputs\cluster_1\2024 Showcasing the Threat of Scalable Generative AI Disinformation through Social Media Simulation.pdf,False,244,,
cluster_1,2024 Specious Sites Tracking the Spread and Sway of Spurious News Stories at Scale.pdf,ieee_pipeline_outputs\cluster_1\2024 Specious Sites Tracking the Spread and Sway of Spurious News Stories at Scale.pdf,False,244,,
cluster_1,2024 The Current State of Generative AI Prompt Framework Design for Enhancing Utility in Organizational Decision-Making.pdf,ieee_pipeline_outputs\cluster_1\2024 The Current State of Generative AI Prompt Framework Design for Enhancing Utility in Organizational Decision-Making.pdf,False,244,,
cluster_1,2024 The Longtail Impact of Generative AI on Disinformation Harmonizing Dichotomous Perspectives.pdf,ieee_pipeline_outputs\cluster_1\2024 The Longtail Impact of Generative AI on Disinformation Harmonizing Dichotomous Perspectives.pdf,False,244,,
cluster_1,2024 The Role of Artificial Intelligence in Political Analysis and Decision Aid “Chat GPT Application” as a Model.pdf,ieee_pipeline_outputs\cluster_1\2024 The Role of Artificial Intelligence in Political Analysis and Decision Aid “Chat GPT Application” as a Model.pdf,False,244,,
cluster_1,2024 The Role of Prompts in Generative AI.pdf,ieee_pipeline_outputs\cluster_1\2024 The Role of Prompts in Generative AI.pdf,False,244,,
cluster_1,2024 The Trust Imperative.pdf,ieee_pipeline_outputs\cluster_1\2024 The Trust Imperative.pdf,False,244,,
cluster_1,2024 To Authenticity and Beyond! Building Safe and Fair Generative AI Upon the Three Pillars of Provenance.pdf,ieee_pipeline_outputs\cluster_1\2024 To Authenticity and Beyond! Building Safe and Fair Generative AI Upon the Three Pillars of Provenance.pdf,False,244,,
cluster_1,2024 Towards Automated Fact-Checking An Exploratory Study on Identifying Check-Worthy Phrases for Verification.pdf,ieee_pipeline_outputs\cluster_1\2024 Towards Automated Fact-Checking An Exploratory Study on Identifying Check-Worthy Phrases for Verification.pdf,False,244,,
cluster_1,2024 TrumorGPT Query Optimization and Semantic Reasoning over Networks for Automated Fact-Checking.pdf,ieee_pipeline_outputs\cluster_1\2024 TrumorGPT Query Optimization and Semantic Reasoning over Networks for Automated Fact-Checking.pdf,False,244,,
cluster_1,2024 Verification and Correction of the Actual Response Content of a Large Language Model by Publicly Available Software Tools.pdf,ieee_pipeline_outputs\cluster_1\2024 Verification and Correction of the Actual Response Content of a Large Language Model by Publicly Available Software Tools.pdf,False,244,,
cluster_1,2024 What Is ChatGPT.pdf,ieee_pipeline_outputs\cluster_1\2024 What Is ChatGPT.pdf,False,244,,
cluster_1,2024 Yours Truly A Credibility Framework for Effortless LLM-Powered Fact Checking.pdf,ieee_pipeline_outputs\cluster_1\2024 Yours Truly A Credibility Framework for Effortless LLM-Powered Fact Checking.pdf,False,244,,
cluster_1,2025 A Deep Self-Refining Approach for Fact Verification.pdf,ieee_pipeline_outputs\cluster_1\2025 A Deep Self-Refining Approach for Fact Verification.pdf,False,244,,
cluster_1,2025 A Hybrid Approach Combining LLMs and Web-Based Information for Automated Fact-Checking.pdf,ieee_pipeline_outputs\cluster_1\2025 A Hybrid Approach Combining LLMs and Web-Based Information for Automated Fact-Checking.pdf,False,244,,
cluster_1,2025 A Hybrid Framework Integrating LLM and ANFIS for Explainable Fact-Checking.pdf,ieee_pipeline_outputs\cluster_1\2025 A Hybrid Framework Integrating LLM and ANFIS for Explainable Fact-Checking.pdf,False,244,,
cluster_1,2025 A Multimodal Emotion Analysis System for Psychological Counseling Using Image Audio and Large Language Model Inference.pdf,ieee_pipeline_outputs\cluster_1\2025 A Multimodal Emotion Analysis System for Psychological Counseling Using Image Audio and Large Language Model Inference.pdf,False,244,,
cluster_1,2025 A Systematic Literature Review of Large Language Model Applications in Industry.pdf,ieee_pipeline_outputs\cluster_1\2025 A Systematic Literature Review of Large Language Model Applications in Industry.pdf,False,244,,
cluster_1,2025 Addressing Technical Challenges in Large Language Model-Driven Educational Software System.pdf,ieee_pipeline_outputs\cluster_1\2025 Addressing Technical Challenges in Large Language Model-Driven Educational Software System.pdf,False,244,,
cluster_1,2025 Adversarially Enhanced Financial Misinformation A Comparative Analysis of LLM- vs. GAN-Generated Content Exposing AI Moderation Vulnerabilities.pdf,ieee_pipeline_outputs\cluster_1\2025 Adversarially Enhanced Financial Misinformation A Comparative Analysis of LLM- vs. GAN-Generated Content Exposing AI Moderation Vulnerabilities.pdf,False,244,,
cluster_1,2025 AgroInsight Pro Sustainable Agriculture Analytics & Decision Support System using GEN-AI.pdf,ieee_pipeline_outputs\cluster_1\2025 AgroInsight Pro Sustainable Agriculture Analytics & Decision Support System using GEN-AI.pdf,False,244,,
cluster_1,2025 An Adaptive Multi-Agent LLM-Based Clinical Decision Support System Integrating Biomedical RAG and Web Intelligence.pdf,ieee_pipeline_outputs\cluster_1\2025 An Adaptive Multi-Agent LLM-Based Clinical Decision Support System Integrating Biomedical RAG and Web Intelligence.pdf,False,244,,
cluster_1,2025 An LLM-Enabled Multi-Agent System for Evidence-Grounded Fact Checking.pdf,ieee_pipeline_outputs\cluster_1\2025 An LLM-Enabled Multi-Agent System for Evidence-Grounded Fact Checking.pdf,False,244,,
cluster_1,2025 Athena A GenAI-Powered Programming Tutor Based on Open-Source LLM.pdf,ieee_pipeline_outputs\cluster_1\2025 Athena A GenAI-Powered Programming Tutor Based on Open-Source LLM.pdf,False,244,,
cluster_1,2025 Augmenting Advertiser Decision Support with Generative AI and Interactive Analytics.pdf,ieee_pipeline_outputs\cluster_1\2025 Augmenting Advertiser Decision Support with Generative AI and Interactive Analytics.pdf,False,244,,
cluster_1,2025 Bootstrapping LLM-based Fact-checking via Iterative Rationalization Finetuning.pdf,ieee_pipeline_outputs\cluster_1\2025 Bootstrapping LLM-based Fact-checking via Iterative Rationalization Finetuning.pdf,False,244,,
cluster_1,2025 Chain-of-Trust A Progressive Trust Evaluation Framework Enabled by Generative AI.pdf,ieee_pipeline_outputs\cluster_1\2025 Chain-of-Trust A Progressive Trust Evaluation Framework Enabled by Generative AI.pdf,False,244,,
cluster_1,2025 Collaborative Fact-checking via Multi-Agent Debate and Weighted Voting.pdf,ieee_pipeline_outputs\cluster_1\2025 Collaborative Fact-checking via Multi-Agent Debate and Weighted Voting.pdf,False,244,,
cluster_1,2025 Construction and Application Technology of Controllable and Credible Power System Large Language Model.pdf,ieee_pipeline_outputs\cluster_1\2025 Construction and Application Technology of Controllable and Credible Power System Large Language Model.pdf,False,244,,
cluster_1,2025 Customizing Content for Niche Topics.pdf,ieee_pipeline_outputs\cluster_1\2025 Customizing Content for Niche Topics.pdf,False,244,,
cluster_1,2025 Detecting Factual Hallucinations in LLMs A Cross-Domain Dynamic Validation Framework for Fact-Consistency.pdf,ieee_pipeline_outputs\cluster_1\2025 Detecting Factual Hallucinations in LLMs A Cross-Domain Dynamic Validation Framework for Fact-Consistency.pdf,False,244,,
cluster_1,2025 Detecting Health Misinformation by Leveraging LLM Models and Debunk List.pdf,ieee_pipeline_outputs\cluster_1\2025 Detecting Health Misinformation by Leveraging LLM Models and Debunk List.pdf,False,244,,
cluster_1,2025 Emotional Advice Compared Between an Affective Intelligent Authoring Tool and Generative AI A Cognitive Walkthrough in Medical Mobile Tutor and ChatGPT.pdf,ieee_pipeline_outputs\cluster_1\2025 Emotional Advice Compared Between an Affective Intelligent Authoring Tool and Generative AI A Cognitive Walkthrough in Medical Mobile Tutor and ChatGPT.pdf,False,244,,
cluster_1,2025 Exploring the Convergence of Generative AI and Fake News Detection Technological Advancements and Challenges.pdf,ieee_pipeline_outputs\cluster_1\2025 Exploring the Convergence of Generative AI and Fake News Detection Technological Advancements and Challenges.pdf,False,244,,
cluster_1,2025 Exploring the Impact of Transparent Generative AI on Learning Outcomes Through a Human-Machine Trust Model.pdf,ieee_pipeline_outputs\cluster_1\2025 Exploring the Impact of Transparent Generative AI on Learning Outcomes Through a Human-Machine Trust Model.pdf,False,244,,
cluster_1,2025 FactCellar An Evidence-based Dataset for Automated Fact-Checking.pdf,ieee_pipeline_outputs\cluster_1\2025 FactCellar An Evidence-based Dataset for Automated Fact-Checking.pdf,False,244,,
cluster_1,2025 FakeBuster Multilingual LLM-Based System for Real-Time Automated Verification of News Claims.pdf,ieee_pipeline_outputs\cluster_1\2025 FakeBuster Multilingual LLM-Based System for Real-Time Automated Verification of News Claims.pdf,False,244,,
cluster_1,2025 Generative AI with LangChain Build production-ready LLM applications and advanced agents using Python LangChain and LangGraph.pdf,ieee_pipeline_outputs\cluster_1\2025 Generative AI with LangChain Build production-ready LLM applications and advanced agents using Python LangChain and LangGraph.pdf,False,244,,
cluster_1,2025 Incorporating ChatGPT into STEM Teaching Potential and Challenges.pdf,ieee_pipeline_outputs\cluster_1\2025 Incorporating ChatGPT into STEM Teaching Potential and Challenges.pdf,False,244,,
cluster_1,2025 Interpretable News Clustering and Topic Attribution for the U.S. Presidential Election An AIME and LLM Approach.pdf,ieee_pipeline_outputs\cluster_1\2025 Interpretable News Clustering and Topic Attribution for the U.S. Presidential Election An AIME and LLM Approach.pdf,False,244,,
cluster_1,2025 Is ChatGPT Trustworthy Enough A Review.pdf,ieee_pipeline_outputs\cluster_1\2025 Is ChatGPT Trustworthy Enough A Review.pdf,False,244,,
cluster_1,2025 Leveraging Knowledge Graph and Large Language Model Synergies for Intelligent Fault Analysis in Urban Rail Transit Signaling Systems.pdf,ieee_pipeline_outputs\cluster_1\2025 Leveraging Knowledge Graph and Large Language Model Synergies for Intelligent Fault Analysis in Urban Rail Transit Signaling Systems.pdf,False,244,,
cluster_1,2025 LLM-Based Classification in Diabetes Disease Diagnosis for Health Consultancy.pdf,ieee_pipeline_outputs\cluster_1\2025 LLM-Based Classification in Diabetes Disease Diagnosis for Health Consultancy.pdf,False,244,,
cluster_1,2025 Mitigating Values Debt in Generative AI Responsible Engineering with Graph RAG.pdf,ieee_pipeline_outputs\cluster_1\2025 Mitigating Values Debt in Generative AI Responsible Engineering with Graph RAG.pdf,False,244,,
cluster_1,2025 Modeling Trust Recalibration in AI Dialogue Conversational Repair Strategies in ChatGPT.pdf,ieee_pipeline_outputs\cluster_1\2025 Modeling Trust Recalibration in AI Dialogue Conversational Repair Strategies in ChatGPT.pdf,False,244,,
cluster_1,2025 Navigating the Web of Disinformation and Misinformation Large Language Models as Double-Edged Swords.pdf,ieee_pipeline_outputs\cluster_1\2025 Navigating the Web of Disinformation and Misinformation Large Language Models as Double-Edged Swords.pdf,False,244,,
cluster_1,2025 Political Bias in Large Language Models A Comparative Analysis of ChatGPT-4 Perplexity Google Gemini and Claude.pdf,ieee_pipeline_outputs\cluster_1\2025 Political Bias in Large Language Models A Comparative Analysis of ChatGPT-4 Perplexity Google Gemini and Claude.pdf,False,244,,
cluster_1,2025 Prompt Engineering for Enhancing Clinical Pharmacy Decision Support through LLMs.pdf,ieee_pipeline_outputs\cluster_1\2025 Prompt Engineering for Enhancing Clinical Pharmacy Decision Support through LLMs.pdf,False,244,,
cluster_1,2025 Prototyping of an MPEG-DASH Player for Verifying and Presenting Content Provenance Information.pdf,ieee_pipeline_outputs\cluster_1\2025 Prototyping of an MPEG-DASH Player for Verifying and Presenting Content Provenance Information.pdf,False,244,,
cluster_1,2025 Public Perception of Generative AI and Disinformation Creation Through Focus Group Insights in Indonesia.pdf,ieee_pipeline_outputs\cluster_1\2025 Public Perception of Generative AI and Disinformation Creation Through Focus Group Insights in Indonesia.pdf,False,244,,
cluster_1,2025 Real-Time Detection of Online Health Misinformation using an Integrated Knowledgegraph-LLM Approach.pdf,ieee_pipeline_outputs\cluster_1\2025 Real-Time Detection of Online Health Misinformation using an Integrated Knowledgegraph-LLM Approach.pdf,False,244,,
cluster_1,2025 Reliability of Generative AI in Argument Classification Identifying Pro and Anti-Vaccination Stances on Reddit.pdf,ieee_pipeline_outputs\cluster_1\2025 Reliability of Generative AI in Argument Classification Identifying Pro and Anti-Vaccination Stances on Reddit.pdf,False,244,,
cluster_1,2025 Research on Intelligent Decision-Support Technology for Hydraulic Supports Based on Small-Large Model Collaboration.pdf,ieee_pipeline_outputs\cluster_1\2025 Research on Intelligent Decision-Support Technology for Hydraulic Supports Based on Small-Large Model Collaboration.pdf,False,244,,
cluster_1,2025 Supply Chain Management in the Era of Generative AI ChatGPT Technology Fit and Psychological Drivers of Adoption.pdf,ieee_pipeline_outputs\cluster_1\2025 Supply Chain Management in the Era of Generative AI ChatGPT Technology Fit and Psychological Drivers of Adoption.pdf,False,244,,
cluster_1,2025 ThaiSBi A Thai Social Bias Dataset for Large Language Model.pdf,ieee_pipeline_outputs\cluster_1\2025 ThaiSBi A Thai Social Bias Dataset for Large Language Model.pdf,False,244,,
cluster_1,2025 Toward Edge General Intelligence With Multiple-Large Language Model Multi-LLM Architecture Trust and Orchestration.pdf,ieee_pipeline_outputs\cluster_1\2025 Toward Edge General Intelligence With Multiple-Large Language Model Multi-LLM Architecture Trust and Orchestration.pdf,False,244,,
cluster_1,2025 TrumorGPT Graph-Based Retrieval-Augmented Large Language Model for Fact-Checking.pdf,ieee_pipeline_outputs\cluster_1\2025 TrumorGPT Graph-Based Retrieval-Augmented Large Language Model for Fact-Checking.pdf,False,244,,
cluster_1,2025 Trust Digital Competencies and Self-Efficacy in Using ChatGPT A Preliminary Study of Croatian Users.pdf,ieee_pipeline_outputs\cluster_1\2025 Trust Digital Competencies and Self-Efficacy in Using ChatGPT A Preliminary Study of Croatian Users.pdf,False,244,,
cluster_1,2025 Trust Inference Mechanism Based on Threat Intelligence and Device Health Features.pdf,ieee_pipeline_outputs\cluster_1\2025 Trust Inference Mechanism Based on Threat Intelligence and Device Health Features.pdf,False,244,,
cluster_1,2025 Trust Support and Adoption Intentions Towards Generative AI are Context Dependent.pdf,ieee_pipeline_outputs\cluster_1\2025 Trust Support and Adoption Intentions Towards Generative AI are Context Dependent.pdf,False,244,,
cluster_1,2025 Trustworthy Integration of Generative AI and LLMs in the Energy Digital Spine Epistemic Risk Models and Trust Performance Indicators.pdf,ieee_pipeline_outputs\cluster_1\2025 Trustworthy Integration of Generative AI and LLMs in the Energy Digital Spine Epistemic Risk Models and Trust Performance Indicators.pdf,False,244,,
cluster_1,2025 Unmasking Digital Falsehoods A Comparative Analysis of LLM-Based Misinformation Detection Strategies.pdf,ieee_pipeline_outputs\cluster_1\2025 Unmasking Digital Falsehoods A Comparative Analysis of LLM-Based Misinformation Detection Strategies.pdf,False,244,,
cluster_1,2025 Unraveling Misinformation Insights from Large-scale Data Analysis.pdf,ieee_pipeline_outputs\cluster_1\2025 Unraveling Misinformation Insights from Large-scale Data Analysis.pdf,False,244,,
cluster_1,2025 Using Generative AI for Neurofeedback Content Personalization.pdf,ieee_pipeline_outputs\cluster_1\2025 Using Generative AI for Neurofeedback Content Personalization.pdf,False,244,,
cluster_1,2025 Why Do Developers Engage with ChatGPT in Issue-Tracker Investigating Usage and Reliance on ChatGPT-Generated Code.pdf,ieee_pipeline_outputs\cluster_1\2025 Why Do Developers Engage with ChatGPT in Issue-Tracker Investigating Usage and Reliance on ChatGPT-Generated Code.pdf,False,244,,
cluster_1,2025 Will you Trust me More Than Chatgpt Evaluating LLM-Generated Code Feedback for Mock Technical Interviews.pdf,ieee_pipeline_outputs\cluster_1\2025 Will you Trust me More Than Chatgpt Evaluating LLM-Generated Code Feedback for Mock Technical Interviews.pdf,False,244,,
cluster_2,2019 A Review of Design Intelligence Progress Problems and Challenges.pdf,ieee_pipeline_outputs\cluster_2\2019 A Review of Design Intelligence Progress Problems and Challenges.pdf,False,244,,
cluster_2,2023 ChatGPT and Generative AI Guidelines for Addressing Academic Integrity and Augmenting Pre-Existing Chatbots.pdf,ieee_pipeline_outputs\cluster_2\2023 ChatGPT and Generative AI Guidelines for Addressing Academic Integrity and Augmenting Pre-Existing Chatbots.pdf,False,244,,
cluster_2,2023 ChatGPT for Creative Writing and Natural Language Generation in Poetry and Prose.pdf,ieee_pipeline_outputs\cluster_2\2023 ChatGPT for Creative Writing and Natural Language Generation in Poetry and Prose.pdf,False,244,,
cluster_2,2023 ChatGPT Impacts on Academia.pdf,ieee_pipeline_outputs\cluster_2\2023 ChatGPT Impacts on Academia.pdf,False,244,,
cluster_2,2023 ChatGPT Prompts for Communication and Knowledge Sharing.pdf,ieee_pipeline_outputs\cluster_2\2023 ChatGPT Prompts for Communication and Knowledge Sharing.pdf,False,244,,
cluster_2,2023 ChatGPT Prompts for Creative Writing and Fiction Writing.pdf,ieee_pipeline_outputs\cluster_2\2023 ChatGPT Prompts for Creative Writing and Fiction Writing.pdf,False,244,,
cluster_2,2023 Generative AI with LangChain Build large language model LLM apps with Python ChatGPT and other LLMs.pdf,ieee_pipeline_outputs\cluster_2\2023 Generative AI with LangChain Build large language model LLM apps with Python ChatGPT and other LLMs.pdf,False,244,,
cluster_2,2023 Large Language Models LLMs Hypes and Realities.pdf,ieee_pipeline_outputs\cluster_2\2023 Large Language Models LLMs Hypes and Realities.pdf,False,244,,
cluster_2,2023 Modern Generative AI with ChatGPT and OpenAI Models Leverage the capabilities of OpenAIs LLM for productivity and innovation with GPT3 and GPT4.pdf,ieee_pipeline_outputs\cluster_2\2023 Modern Generative AI with ChatGPT and OpenAI Models Leverage the capabilities of OpenAIs LLM for productivity and innovation with GPT3 and GPT4.pdf,False,244,,
cluster_2,2023 Recognizing the Ways ChatGPT and Generative AI Will Change the World.pdf,ieee_pipeline_outputs\cluster_2\2023 Recognizing the Ways ChatGPT and Generative AI Will Change the World.pdf,False,244,,
cluster_2,2023 Research on Ideation Process and Design Productivity of ChatGPT Based on LASSO and Linkography.pdf,ieee_pipeline_outputs\cluster_2\2023 Research on Ideation Process and Design Productivity of ChatGPT Based on LASSO and Linkography.pdf,False,244,,
cluster_2,2024 Accelerating Time-to-Market The Role of Generative AI in Product Development.pdf,ieee_pipeline_outputs\cluster_2\2024 Accelerating Time-to-Market The Role of Generative AI in Product Development.pdf,False,244,,
cluster_2,2024 Adoption of Generative AI in content creation A case study from the advertising industry.pdf,ieee_pipeline_outputs\cluster_2\2024 Adoption of Generative AI in content creation A case study from the advertising industry.pdf,False,244,,
cluster_2,2024 ADVERTISING AND MARKETING BRIDGING CREATIVITY WITH AI.pdf,ieee_pipeline_outputs\cluster_2\2024 ADVERTISING AND MARKETING BRIDGING CREATIVITY WITH AI.pdf,False,244,,
cluster_2,2024 Application of ChatGPT-Integrated NPCs to Enhance Virtual Reality Brainstorming.pdf,ieee_pipeline_outputs\cluster_2\2024 Application of ChatGPT-Integrated NPCs to Enhance Virtual Reality Brainstorming.pdf,False,244,,
cluster_2,2024 Application&#x2010;Specific Prompt Engineering.pdf,ieee_pipeline_outputs\cluster_2\2024 Application&#x2010;Specific Prompt Engineering.pdf,False,244,,
cluster_2,2024 ArtAgent A Creativity Support Tool Designed for Novices in Painting.pdf,ieee_pipeline_outputs\cluster_2\2024 ArtAgent A Creativity Support Tool Designed for Novices in Painting.pdf,False,244,,
cluster_2,2024 ChatGPT in Creative Writing Courses in Chinese Universities Application and Research.pdf,ieee_pipeline_outputs\cluster_2\2024 ChatGPT in Creative Writing Courses in Chinese Universities Application and Research.pdf,False,244,,
cluster_2,2024 ChatGPT Unraveling User Challenges & Proposing Targeted Improvements.pdf,ieee_pipeline_outputs\cluster_2\2024 ChatGPT Unraveling User Challenges & Proposing Targeted Improvements.pdf,False,244,,
cluster_2,2024 ChatPCG Large Language Model-Driven Reward Design for Procedural Content Generation.pdf,ieee_pipeline_outputs\cluster_2\2024 ChatPCG Large Language Model-Driven Reward Design for Procedural Content Generation.pdf,False,244,,
cluster_2,2024 Comparative Analysis of Generative AI Tools in Enhancing Educational Engagement.pdf,ieee_pipeline_outputs\cluster_2\2024 Comparative Analysis of Generative AI Tools in Enhancing Educational Engagement.pdf,False,244,,
cluster_2,2024 Comparing UX Profile of Generative Artificial Intelligence Tools and Traditional Tools in Brainstorming Sessions A Pilot Study.pdf,ieee_pipeline_outputs\cluster_2\2024 Comparing UX Profile of Generative Artificial Intelligence Tools and Traditional Tools in Brainstorming Sessions A Pilot Study.pdf,False,244,,
cluster_2,2024 Content Generation with AIVA.pdf,ieee_pipeline_outputs\cluster_2\2024 Content Generation with AIVA.pdf,False,244,,
cluster_2,2024 CreAIXR Fostering Creativity with Generative AI in XR environments.pdf,ieee_pipeline_outputs\cluster_2\2024 CreAIXR Fostering Creativity with Generative AI in XR environments.pdf,False,244,,
cluster_2,2024 CreativEval Evaluating Creativity of LLM-Based Hardware Code Generation.pdf,ieee_pipeline_outputs\cluster_2\2024 CreativEval Evaluating Creativity of LLM-Based Hardware Code Generation.pdf,False,244,,
cluster_2,2024 Creativity Using Generative AI vs. Physical Modeling A Case Study of Architecture Workshops in a SfHEI.pdf,ieee_pipeline_outputs\cluster_2\2024 Creativity Using Generative AI vs. Physical Modeling A Case Study of Architecture Workshops in a SfHEI.pdf,False,244,,
cluster_2,2024 Distributed Threat Intelligence at the Edge Devices A Large Language Model-Driven Approach.pdf,ieee_pipeline_outputs\cluster_2\2024 Distributed Threat Intelligence at the Edge Devices A Large Language Model-Driven Approach.pdf,False,244,,
cluster_2,2024 Diving Deeper Structure and Nuances of Prompts.pdf,ieee_pipeline_outputs\cluster_2\2024 Diving Deeper Structure and Nuances of Prompts.pdf,False,244,,
cluster_2,2024 Does Industry 5.0 Need an Engineering Education 5.0 Exploring Potentials and Challenges in the Age of Generative AI.pdf,ieee_pipeline_outputs\cluster_2\2024 Does Industry 5.0 Need an Engineering Education 5.0 Exploring Potentials and Challenges in the Age of Generative AI.pdf,False,244,,
cluster_2,2024 Enhancing Creativity in Sustainable Product Design The Impact of Generative AI Tools at the Conceptual Stage.pdf,ieee_pipeline_outputs\cluster_2\2024 Enhancing Creativity in Sustainable Product Design The Impact of Generative AI Tools at the Conceptual Stage.pdf,False,244,,
cluster_2,2024 Exploring Prompts with ChatGPT.pdf,ieee_pipeline_outputs\cluster_2\2024 Exploring Prompts with ChatGPT.pdf,False,244,,
cluster_2,2024 Exploring the Creative Capacities of Generative AI A Comparative Study.pdf,ieee_pipeline_outputs\cluster_2\2024 Exploring the Creative Capacities of Generative AI A Comparative Study.pdf,False,244,,
cluster_2,2024 Exploring the Feasibility of Generative AI Combined with SCAMPER in Design Execution.pdf,ieee_pipeline_outputs\cluster_2\2024 Exploring the Feasibility of Generative AI Combined with SCAMPER in Design Execution.pdf,False,244,,
cluster_2,2024 Exploring the Intersection of Generative AI and Cognitive Science Insights and Implications.pdf,ieee_pipeline_outputs\cluster_2\2024 Exploring the Intersection of Generative AI and Cognitive Science Insights and Implications.pdf,False,244,,
cluster_2,2024 Four Development Stages of Collective Intelligence.pdf,ieee_pipeline_outputs\cluster_2\2024 Four Development Stages of Collective Intelligence.pdf,False,244,,
cluster_2,2024 Generating Images with BigGAN.pdf,ieee_pipeline_outputs\cluster_2\2024 Generating Images with BigGAN.pdf,False,244,,
cluster_2,2024 Generative AI and the Artistic Revolution From Collaboration to Creation.pdf,ieee_pipeline_outputs\cluster_2\2024 Generative AI and the Artistic Revolution From Collaboration to Creation.pdf,False,244,,
cluster_2,2024 Generative AI Ingenuity and Law.pdf,ieee_pipeline_outputs\cluster_2\2024 Generative AI Ingenuity and Law.pdf,False,244,,
cluster_2,2024 Generative AI-Driven Automation of Business Process ReImagination.pdf,ieee_pipeline_outputs\cluster_2\2024 Generative AI-Driven Automation of Business Process ReImagination.pdf,False,244,,
cluster_2,2024 GLIMPSES OF THE FUTURE PREDICTING THE TRAJECTORY OF GENERATIVE AI.pdf,ieee_pipeline_outputs\cluster_2\2024 GLIMPSES OF THE FUTURE PREDICTING THE TRAJECTORY OF GENERATIVE AI.pdf,False,244,,
cluster_2,2024 Google Bard.pdf,ieee_pipeline_outputs\cluster_2\2024 Google Bard.pdf,False,244,,
cluster_2,2024 Image Editing with DeepArt Effects.pdf,ieee_pipeline_outputs\cluster_2\2024 Image Editing with DeepArt Effects.pdf,False,244,,
cluster_2,2024 Impact of ChatGPT and the Capability to Critically Use Technological Creativity on English Proficiency of High School Student.pdf,ieee_pipeline_outputs\cluster_2\2024 Impact of ChatGPT and the Capability to Critically Use Technological Creativity on English Proficiency of High School Student.pdf,False,244,,
cluster_2,2024 IMPACT OF GENERATIVE AI ON JOBS.pdf,ieee_pipeline_outputs\cluster_2\2024 IMPACT OF GENERATIVE AI ON JOBS.pdf,False,244,,
cluster_2,2024 Midjourney.pdf,ieee_pipeline_outputs\cluster_2\2024 Midjourney.pdf,False,244,,
cluster_2,2024 Mystery Game Script Compose Based on a Large Language Model.pdf,ieee_pipeline_outputs\cluster_2\2024 Mystery Game Script Compose Based on a Large Language Model.pdf,False,244,,
cluster_2,2024 Prompt Engineering with OpenAI ChatGPT.pdf,ieee_pipeline_outputs\cluster_2\2024 Prompt Engineering with OpenAI ChatGPT.pdf,False,244,,
cluster_2,2024 Show and Tell Exploring Large Language Models Potential in Formative Educational Assessment of Data Stories.pdf,ieee_pipeline_outputs\cluster_2\2024 Show and Tell Exploring Large Language Models Potential in Formative Educational Assessment of Data Stories.pdf,False,244,,
cluster_2,2024 The Role of Prompts in Generative AI.pdf,ieee_pipeline_outputs\cluster_2\2024 The Role of Prompts in Generative AI.pdf,False,244,,
cluster_2,2024 Transformers in Music with MuseNet.pdf,ieee_pipeline_outputs\cluster_2\2024 Transformers in Music with MuseNet.pdf,False,244,,
cluster_2,2024 Unleashing Creativity The Business Potential of Generative AI.pdf,ieee_pipeline_outputs\cluster_2\2024 Unleashing Creativity The Business Potential of Generative AI.pdf,False,244,,
cluster_2,2024 Unlocking the Potential of Generative AI in Large Language Models.pdf,ieee_pipeline_outputs\cluster_2\2024 Unlocking the Potential of Generative AI in Large Language Models.pdf,False,244,,
cluster_2,2024 Using Generative AI for Game Development Subject to Technical Constraints.pdf,ieee_pipeline_outputs\cluster_2\2024 Using Generative AI for Game Development Subject to Technical Constraints.pdf,False,244,,
cluster_2,2024 VIDEO GAME DESIGN AND TESTING THE GENERATIVE AI APPROACH.pdf,ieee_pipeline_outputs\cluster_2\2024 VIDEO GAME DESIGN AND TESTING THE GENERATIVE AI APPROACH.pdf,False,244,,
cluster_2,2024 What Is ChatGPT.pdf,ieee_pipeline_outputs\cluster_2\2024 What Is ChatGPT.pdf,False,244,,
cluster_2,2024 Work-in-Progress Students Prompting Strategies When Solving an Engineering Design Task.pdf,ieee_pipeline_outputs\cluster_2\2024 Work-in-Progress Students Prompting Strategies When Solving an Engineering Design Task.pdf,False,244,,
cluster_2,2025 A Causality-Aware Paradigm for Evaluating Creativity of Multimodal Large Language Models.pdf,ieee_pipeline_outputs\cluster_2\2025 A Causality-Aware Paradigm for Evaluating Creativity of Multimodal Large Language Models.pdf,False,244,,
cluster_2,2025 A Preliminary Exploration of the Cooperation Between Humans and AI in the Creation of Picture Books.pdf,ieee_pipeline_outputs\cluster_2\2025 A Preliminary Exploration of the Cooperation Between Humans and AI in the Creation of Picture Books.pdf,False,244,,
cluster_2,2025 A Study on Image Stylization Comparison and Creative Methods of Generative AI Platforms.pdf,ieee_pipeline_outputs\cluster_2\2025 A Study on Image Stylization Comparison and Creative Methods of Generative AI Platforms.pdf,False,244,,
cluster_2,2025 An Innovative Solution to Design Problems Applying the Chain-of-Thought Technique to Integrate LLM-Based Agents With Concept Generation Methods.pdf,ieee_pipeline_outputs\cluster_2\2025 An Innovative Solution to Design Problems Applying the Chain-of-Thought Technique to Integrate LLM-Based Agents With Concept Generation Methods.pdf,False,244,,
cluster_2,2025 ChatGPT in Education Challenges and Best Practices.pdf,ieee_pipeline_outputs\cluster_2\2025 ChatGPT in Education Challenges and Best Practices.pdf,False,244,,
cluster_2,2025 Comparative Analysis of Generative AI in Shipbuilding Evaluating Grok Gemini and ChatGPT in the Design and Production of Harbor Tugs.pdf,ieee_pipeline_outputs\cluster_2\2025 Comparative Analysis of Generative AI in Shipbuilding Evaluating Grok Gemini and ChatGPT in the Design and Production of Harbor Tugs.pdf,False,244,,
cluster_2,2025 Creative Agents Simulating the Systems Model of Creativity With Generative Agents.pdf,ieee_pipeline_outputs\cluster_2\2025 Creative Agents Simulating the Systems Model of Creativity With Generative Agents.pdf,False,244,,
cluster_2,2025 Design Requirements for Responsible AI Tools in Education Empirical Study on ChatGPT and Creative Thinking.pdf,ieee_pipeline_outputs\cluster_2\2025 Design Requirements for Responsible AI Tools in Education Empirical Study on ChatGPT and Creative Thinking.pdf,False,244,,
cluster_2,2025 Detecting Creative States From Emotional Cues Insights From Speech With Focus on Text Modality.pdf,ieee_pipeline_outputs\cluster_2\2025 Detecting Creative States From Emotional Cues Insights From Speech With Focus on Text Modality.pdf,False,244,,
cluster_2,2025 Digital Designer Emulation of Empathy-Driven Design with Generative AI.pdf,ieee_pipeline_outputs\cluster_2\2025 Digital Designer Emulation of Empathy-Driven Design with Generative AI.pdf,False,244,,
cluster_2,2025 Do Chatbots Dream of Data Streams Play Creativity Personhood and Generative AI in Engineering Communication.pdf,ieee_pipeline_outputs\cluster_2\2025 Do Chatbots Dream of Data Streams Play Creativity Personhood and Generative AI in Engineering Communication.pdf,False,244,,
cluster_2,2025 Empower or Disempower The Impact of Generative Artificial Intelligence on College Students Creativity.pdf,ieee_pipeline_outputs\cluster_2\2025 Empower or Disempower The Impact of Generative Artificial Intelligence on College Students Creativity.pdf,False,244,,
cluster_2,2025 Empowering Mathematical Problem-Posing Pedagogy with Generative AI A Theoretical Framework and Case Study.pdf,ieee_pipeline_outputs\cluster_2\2025 Empowering Mathematical Problem-Posing Pedagogy with Generative AI A Theoretical Framework and Case Study.pdf,False,244,,
cluster_2,2025 Ethical Considerations of Chatgpt Integration in High School Education.pdf,ieee_pipeline_outputs\cluster_2\2025 Ethical Considerations of Chatgpt Integration in High School Education.pdf,False,244,,
cluster_2,2025 Ethics in the Era of Generative AI A Framework for Responsible Development and Use.pdf,ieee_pipeline_outputs\cluster_2\2025 Ethics in the Era of Generative AI A Framework for Responsible Development and Use.pdf,False,244,,
cluster_2,2025 Evaluation of Generative AI Chatbot Models for Handling Critical Situations in Business Information Systems Implementation A Case Study.pdf,ieee_pipeline_outputs\cluster_2\2025 Evaluation of Generative AI Chatbot Models for Handling Critical Situations in Business Information Systems Implementation A Case Study.pdf,False,244,,
cluster_2,2025 Exploring the Application of SCAMPER in Generative AI Prompt Design Overcoming Prompting Barriers in the Creative Process.pdf,ieee_pipeline_outputs\cluster_2\2025 Exploring the Application of SCAMPER in Generative AI Prompt Design Overcoming Prompting Barriers in the Creative Process.pdf,False,244,,
cluster_2,2025 From Hybrid to AI-First Innovation Management.pdf,ieee_pipeline_outputs\cluster_2\2025 From Hybrid to AI-First Innovation Management.pdf,False,244,,
cluster_2,2025 Generative AI Dependency in Higher Education Investigating Continuance Intention Cognitive Response and Creativity.pdf,ieee_pipeline_outputs\cluster_2\2025 Generative AI Dependency in Higher Education Investigating Continuance Intention Cognitive Response and Creativity.pdf,False,244,,
cluster_2,2025 Generative AI for Dungeons and Dragons.pdf,ieee_pipeline_outputs\cluster_2\2025 Generative AI for Dungeons and Dragons.pdf,False,244,,
cluster_2,2025 Generative AI for Students Courses Evaluating the Impact on Fresh Graduate Performance.pdf,ieee_pipeline_outputs\cluster_2\2025 Generative AI for Students Courses Evaluating the Impact on Fresh Graduate Performance.pdf,False,244,,
cluster_2,2025 Generative Rules for More Creative Thinking About Requirements.pdf,ieee_pipeline_outputs\cluster_2\2025 Generative Rules for More Creative Thinking About Requirements.pdf,False,244,,
cluster_2,2025 GenFODrawing Supporting Creative Found Object Drawing With Generative AI.pdf,ieee_pipeline_outputs\cluster_2\2025 GenFODrawing Supporting Creative Found Object Drawing With Generative AI.pdf,False,244,,
cluster_2,2025 Hyperchat and Hypervideo Enabling Real-time Groupwise Conversations at Unlimited Scale.pdf,ieee_pipeline_outputs\cluster_2\2025 Hyperchat and Hypervideo Enabling Real-time Groupwise Conversations at Unlimited Scale.pdf,False,244,,
cluster_2,2025 ImoGenXR Investigating the Impact on Creativity Support in a Generative-AI Assisted Immersive Authoring Workflow.pdf,ieee_pipeline_outputs\cluster_2\2025 ImoGenXR Investigating the Impact on Creativity Support in a Generative-AI Assisted Immersive Authoring Workflow.pdf,False,244,,
cluster_2,2025 Impact of Communication Masking on Problem Solving in LLM Agent Networks.pdf,ieee_pipeline_outputs\cluster_2\2025 Impact of Communication Masking on Problem Solving in LLM Agent Networks.pdf,False,244,,
cluster_2,2025 Incorporating ChatGPT into STEM Teaching Potential and Challenges.pdf,ieee_pipeline_outputs\cluster_2\2025 Incorporating ChatGPT into STEM Teaching Potential and Challenges.pdf,False,244,,
cluster_2,2025 Integrating Generative AI Into Design Thinking Assessing Impact on Creativity and Innovation in STEM Education.pdf,ieee_pipeline_outputs\cluster_2\2025 Integrating Generative AI Into Design Thinking Assessing Impact on Creativity and Innovation in STEM Education.pdf,False,244,,
cluster_2,2025 Integrating Generative AI Into Teaching and Learning An AI Assisted Mini-Course that Addresses Student Professional Skill Needs.pdf,ieee_pipeline_outputs\cluster_2\2025 Integrating Generative AI Into Teaching and Learning An AI Assisted Mini-Course that Addresses Student Professional Skill Needs.pdf,False,244,,
cluster_2,2025 Leveraging Collective Intelligence in Agile Sprint Planning A Comparative Study of LLM Architectures.pdf,ieee_pipeline_outputs\cluster_2\2025 Leveraging Collective Intelligence in Agile Sprint Planning A Comparative Study of LLM Architectures.pdf,False,244,,
cluster_2,2025 LLM-based Iterative Approach to Metamodeling in Automotive.pdf,ieee_pipeline_outputs\cluster_2\2025 LLM-based Iterative Approach to Metamodeling in Automotive.pdf,False,244,,
cluster_2,2025 Magic Sequence LLM evaluation methodology of logical problem solving for sequence manipulation. Application to mathematical magic tricks.pdf,ieee_pipeline_outputs\cluster_2\2025 Magic Sequence LLM evaluation methodology of logical problem solving for sequence manipulation. Application to mathematical magic tricks.pdf,False,244,,
cluster_2,2025 Position Paper From Data Thirst to Aesthetic Hunger The Pivotal Role of Artistic Exploration in MachineAI Creativity.pdf,ieee_pipeline_outputs\cluster_2\2025 Position Paper From Data Thirst to Aesthetic Hunger The Pivotal Role of Artistic Exploration in MachineAI Creativity.pdf,False,244,,
cluster_2,2025 Practical Generative AI with ChatGPT Unleash your prompt engineering potential with OpenAI technologies for productivity and creativity.pdf,ieee_pipeline_outputs\cluster_2\2025 Practical Generative AI with ChatGPT Unleash your prompt engineering potential with OpenAI technologies for productivity and creativity.pdf,False,244,,
cluster_2,2025 Predicting Teamwork Performance Using a Large Language Model to Annotate Repair and Grounding Utterances in Task-Based Conversations.pdf,ieee_pipeline_outputs\cluster_2\2025 Predicting Teamwork Performance Using a Large Language Model to Annotate Repair and Grounding Utterances in Task-Based Conversations.pdf,False,244,,
cluster_2,2025 Prompt Driven Image Creation A Comparative Evaluation of Generative AI Tools.pdf,ieee_pipeline_outputs\cluster_2\2025 Prompt Driven Image Creation A Comparative Evaluation of Generative AI Tools.pdf,False,244,,
cluster_2,2025 Research on the Application and Impact of Generative AI AIGC on College Students Self-directed Learning.pdf,ieee_pipeline_outputs\cluster_2\2025 Research on the Application and Impact of Generative AI AIGC on College Students Self-directed Learning.pdf,False,244,,
cluster_2,2025 Safeguarding Creativity The Impacts and Countermeasures of Data Poisoning in Generative AI Systems.pdf,ieee_pipeline_outputs\cluster_2\2025 Safeguarding Creativity The Impacts and Countermeasures of Data Poisoning in Generative AI Systems.pdf,False,244,,
cluster_2,2025 Solving Situation Puzzles with Large Language Model and External Reformulation.pdf,ieee_pipeline_outputs\cluster_2\2025 Solving Situation Puzzles with Large Language Model and External Reformulation.pdf,False,244,,
cluster_2,2025 Stimulating Brainstorming Activities with Generative AI in Higher Education.pdf,ieee_pipeline_outputs\cluster_2\2025 Stimulating Brainstorming Activities with Generative AI in Higher Education.pdf,False,244,,
cluster_2,2025 Supporting Brainstorming Activities with Bots in Software Engineering Education.pdf,ieee_pipeline_outputs\cluster_2\2025 Supporting Brainstorming Activities with Bots in Software Engineering Education.pdf,False,244,,
cluster_2,2025 Ten Ways GenAI Can Boost Your Creativity.pdf,ieee_pipeline_outputs\cluster_2\2025 Ten Ways GenAI Can Boost Your Creativity.pdf,False,244,,
cluster_2,2025 The Influence of Generative AI on work-life balance among female software professionals in Sri Lanka.pdf,ieee_pipeline_outputs\cluster_2\2025 The Influence of Generative AI on work-life balance among female software professionals in Sri Lanka.pdf,False,244,,
cluster_2,2025 TuneTogether An Interactive Space for Music Collaboration and Learning using Generative AI.pdf,ieee_pipeline_outputs\cluster_2\2025 TuneTogether An Interactive Space for Music Collaboration and Learning using Generative AI.pdf,False,244,,
cluster_3,2023 Automate It with Zapier and Generative AI Harness the power of no-code workflow automation and AI with Zapier to increase business productivity.pdf,ieee_pipeline_outputs\cluster_3\2023 Automate It with Zapier and Generative AI Harness the power of no-code workflow automation and AI with Zapier to increase business productivity.pdf,False,244,,
cluster_3,2023 Effective ChatGPT Prompts to Learn Tourist Psychology Interview with ChatGPT.pdf,ieee_pipeline_outputs\cluster_3\2023 Effective ChatGPT Prompts to Learn Tourist Psychology Interview with ChatGPT.pdf,False,244,,
cluster_3,2023 Enhancing mathematics education through AI Chatbots in a Flipped Learning Environment.pdf,ieee_pipeline_outputs\cluster_3\2023 Enhancing mathematics education through AI Chatbots in a Flipped Learning Environment.pdf,False,244,,
cluster_3,2023 Exploring the Potential of Large Language Models to Generate Formative Programming Feedback.pdf,ieee_pipeline_outputs\cluster_3\2023 Exploring the Potential of Large Language Models to Generate Formative Programming Feedback.pdf,False,244,,
cluster_3,2023 Modern Generative AI with ChatGPT and OpenAI Models Leverage the capabilities of OpenAIs LLM for productivity and innovation with GPT3 and GPT4.pdf,ieee_pipeline_outputs\cluster_3\2023 Modern Generative AI with ChatGPT and OpenAI Models Leverage the capabilities of OpenAIs LLM for productivity and innovation with GPT3 and GPT4.pdf,False,244,,
cluster_3,2023 Opportunities Challenges Strategies and Reforms for ChatGPT in Higher Education.pdf,ieee_pipeline_outputs\cluster_3\2023 Opportunities Challenges Strategies and Reforms for ChatGPT in Higher Education.pdf,False,244,,
cluster_3,2023 Problem-Solving Using Logic and Reasoning Mathematics Algorithms Python and Generative AI.pdf,ieee_pipeline_outputs\cluster_3\2023 Problem-Solving Using Logic and Reasoning Mathematics Algorithms Python and Generative AI.pdf,False,244,,
cluster_3,2023 Regular Expression Puzzles and AI Coding Assistants 24 puzzles solved by the author with and without assistance from Copilot ChatGPT and more.pdf,ieee_pipeline_outputs\cluster_3\2023 Regular Expression Puzzles and AI Coding Assistants 24 puzzles solved by the author with and without assistance from Copilot ChatGPT and more.pdf,False,244,,
cluster_3,2023 Teaching Chatbot Prompt Strategies in EFL Essay Writing Instruction.pdf,ieee_pipeline_outputs\cluster_3\2023 Teaching Chatbot Prompt Strategies in EFL Essay Writing Instruction.pdf,False,244,,
cluster_3,2023 The Association Between ChatGPT Usage and College Students Online Learning Burnout The Mediating Role of Self-Control.pdf,ieee_pipeline_outputs\cluster_3\2023 The Association Between ChatGPT Usage and College Students Online Learning Burnout The Mediating Role of Self-Control.pdf,False,244,,
cluster_3,2023 When to Use Large Language Model Upper Bound Analysis of BM25 Algorithms in Reading Comprehension Task.pdf,ieee_pipeline_outputs\cluster_3\2023 When to Use Large Language Model Upper Bound Analysis of BM25 Algorithms in Reading Comprehension Task.pdf,False,244,,
cluster_3,2023 Zero-shot Prompting for Code Complexity Prediction Using GitHub Copilot.pdf,ieee_pipeline_outputs\cluster_3\2023 Zero-shot Prompting for Code Complexity Prediction Using GitHub Copilot.pdf,False,244,,
cluster_3,2023 “We Need To Talk About ChatGPT” The Future of AI and Higher Education.pdf,ieee_pipeline_outputs\cluster_3\2023 “We Need To Talk About ChatGPT” The Future of AI and Higher Education.pdf,False,244,,
cluster_3,2024 AI-Assisted Programming for Web and Machine Learning Improve your development workflow with ChatGPT and GitHub Copilot.pdf,ieee_pipeline_outputs\cluster_3\2024 AI-Assisted Programming for Web and Machine Learning Improve your development workflow with ChatGPT and GitHub Copilot.pdf,False,244,,
cluster_3,2024 An Exploratory Study of AI Assisted Feedback and Formative Assessment of Writing Skills.pdf,ieee_pipeline_outputs\cluster_3\2024 An Exploratory Study of AI Assisted Feedback and Formative Assessment of Writing Skills.pdf,False,244,,
cluster_3,2024 Analyzing Student Engagement With ChatGPT A Data-Analysis Perspective.pdf,ieee_pipeline_outputs\cluster_3\2024 Analyzing Student Engagement With ChatGPT A Data-Analysis Perspective.pdf,False,244,,
cluster_3,2024 Application of Generative Artificial Intelligence Technology in Customized Learning Path Design A New Strategy for Higher Education.pdf,ieee_pipeline_outputs\cluster_3\2024 Application of Generative Artificial Intelligence Technology in Customized Learning Path Design A New Strategy for Higher Education.pdf,False,244,,
cluster_3,2024 Assessing ChatGPT’s Capability to Generate Course Learning Outcomes.pdf,ieee_pipeline_outputs\cluster_3\2024 Assessing ChatGPT’s Capability to Generate Course Learning Outcomes.pdf,False,244,,
cluster_3,2024 Assessing Programming Proficiency Through Eye Gaze Analysis Using Fine-Tuned Large Language Model.pdf,ieee_pipeline_outputs\cluster_3\2024 Assessing Programming Proficiency Through Eye Gaze Analysis Using Fine-Tuned Large Language Model.pdf,False,244,,
cluster_3,2024 Benchmarking ChatGPT Codeium and GitHub Copilot A Comparative Study of AI-Driven Programming and Debugging Assistants.pdf,ieee_pipeline_outputs\cluster_3\2024 Benchmarking ChatGPT Codeium and GitHub Copilot A Comparative Study of AI-Driven Programming and Debugging Assistants.pdf,False,244,,
cluster_3,2024 ChatGPT as Assistive Technology Opportunities and Challenges.pdf,ieee_pipeline_outputs\cluster_3\2024 ChatGPT as Assistive Technology Opportunities and Challenges.pdf,False,244,,
cluster_3,2024 ChatGPT for Conversational AI and Chatbots Learn how to automate conversations with the latest large language model technologies.pdf,ieee_pipeline_outputs\cluster_3\2024 ChatGPT for Conversational AI and Chatbots Learn how to automate conversations with the latest large language model technologies.pdf,False,244,,
cluster_3,2024 Comparing the Effects of Instructor Manual Feedback and ChatGPT Intelligent Feedback on Collaborative Programming in Chinas Higher Education.pdf,ieee_pipeline_outputs\cluster_3\2024 Comparing the Effects of Instructor Manual Feedback and ChatGPT Intelligent Feedback on Collaborative Programming in Chinas Higher Education.pdf,False,244,,
cluster_3,2024 Developing Critical Thinking Practices Interwoven with Generative AI Usage in an Introductory Programming Course.pdf,ieee_pipeline_outputs\cluster_3\2024 Developing Critical Thinking Practices Interwoven with Generative AI Usage in an Introductory Programming Course.pdf,False,244,,
cluster_3,2024 Does ChatGPT Help With Introductory Programming An Experiment of Students Using ChatGPT in CS1.pdf,ieee_pipeline_outputs\cluster_3\2024 Does ChatGPT Help With Introductory Programming An Experiment of Students Using ChatGPT in CS1.pdf,False,244,,
cluster_3,2024 Enhancing Academic Performance with Generative AI-Based Quiz Platform.pdf,ieee_pipeline_outputs\cluster_3\2024 Enhancing Academic Performance with Generative AI-Based Quiz Platform.pdf,False,244,,
cluster_3,2024 Exploring Students Perception and Experience with ChatGPT and Critical Thinking in a Higher Education Context.pdf,ieee_pipeline_outputs\cluster_3\2024 Exploring Students Perception and Experience with ChatGPT and Critical Thinking in a Higher Education Context.pdf,False,244,,
cluster_3,2024 Exploring the Impact of Generative AI on Personalized Learning in Higher Education.pdf,ieee_pipeline_outputs\cluster_3\2024 Exploring the Impact of Generative AI on Personalized Learning in Higher Education.pdf,False,244,,
cluster_3,2024 Future Prospects of ChatGPT in Higher Education.pdf,ieee_pipeline_outputs\cluster_3\2024 Future Prospects of ChatGPT in Higher Education.pdf,False,244,,
cluster_3,2024 IELTS Writing Tasks Evaluation Using LLMs A Comparative Study of ChatGPT Claude Copilot and Google Gemini.pdf,ieee_pipeline_outputs\cluster_3\2024 IELTS Writing Tasks Evaluation Using LLMs A Comparative Study of ChatGPT Claude Copilot and Google Gemini.pdf,False,244,,
cluster_3,2024 Java Web Programming with ChatGPT.pdf,ieee_pipeline_outputs\cluster_3\2024 Java Web Programming with ChatGPT.pdf,False,244,,
cluster_3,2024 Optimizing Generative AI Integration in Higher Education A Framework for Enhanced Student Engagement and Learning Outcomes.pdf,ieee_pipeline_outputs\cluster_3\2024 Optimizing Generative AI Integration in Higher Education A Framework for Enhanced Student Engagement and Learning Outcomes.pdf,False,244,,
cluster_3,2024 Pair Programming in Programming Courses in the Era of Generative AI Students Perspective.pdf,ieee_pipeline_outputs\cluster_3\2024 Pair Programming in Programming Courses in the Era of Generative AI Students Perspective.pdf,False,244,,
cluster_3,2024 Perspectives on Teaching and Learning in Higher Education in the Era of Generative AI.pdf,ieee_pipeline_outputs\cluster_3\2024 Perspectives on Teaching and Learning in Higher Education in the Era of Generative AI.pdf,False,244,,
cluster_3,2024 Quantitative Analysis of Rubric-based Feedback Received From Claude 3.5 Sonnet on Mathematical Programming Problems.pdf,ieee_pipeline_outputs\cluster_3\2024 Quantitative Analysis of Rubric-based Feedback Received From Claude 3.5 Sonnet on Mathematical Programming Problems.pdf,False,244,,
cluster_3,2024 Self-Reflection in Large Language Model Agents Effects on Problem-Solving Performance.pdf,ieee_pipeline_outputs\cluster_3\2024 Self-Reflection in Large Language Model Agents Effects on Problem-Solving Performance.pdf,False,244,,
cluster_3,2024 The Impact of ChatGPT on Student Learning Experience in Higher STEM Education A Systematic Literature Review.pdf,ieee_pipeline_outputs\cluster_3\2024 The Impact of ChatGPT on Student Learning Experience in Higher STEM Education A Systematic Literature Review.pdf,False,244,,
cluster_3,2024 The NAJEH Effect How ChatGPT is Shaping the Future of Higher Education.pdf,ieee_pipeline_outputs\cluster_3\2024 The NAJEH Effect How ChatGPT is Shaping the Future of Higher Education.pdf,False,244,,
cluster_3,2024 Using a generative AI chatbot for SRL measurement and intervention.pdf,ieee_pipeline_outputs\cluster_3\2024 Using a generative AI chatbot for SRL measurement and intervention.pdf,False,244,,
cluster_3,2024 Using ChatGPT for the Development of Critical Thinking in Youth Example of Inequality Proof.pdf,ieee_pipeline_outputs\cluster_3\2024 Using ChatGPT for the Development of Critical Thinking in Youth Example of Inequality Proof.pdf,False,244,,
cluster_3,2025 A Comparative Analysis of Generative AI and Student Solutions in Java Programming Assignments.pdf,ieee_pipeline_outputs\cluster_3\2025 A Comparative Analysis of Generative AI and Student Solutions in Java Programming Assignments.pdf,False,244,,
cluster_3,2025 A Comprehensive Analysis of ChatGPT-Assisted Learning A Systematic Exploration from Learning Outcomes to Student Behavior Patterns.pdf,ieee_pipeline_outputs\cluster_3\2025 A Comprehensive Analysis of ChatGPT-Assisted Learning A Systematic Exploration from Learning Outcomes to Student Behavior Patterns.pdf,False,244,,
cluster_3,2025 A Meta-analysis of Pedagogical Agents promoting Self-Regulated Learning.pdf,ieee_pipeline_outputs\cluster_3\2025 A Meta-analysis of Pedagogical Agents promoting Self-Regulated Learning.pdf,False,244,,
cluster_3,2025 A Practical Study of Applying Generative Artificial Intelligence to Promote Programming Learning Engagement for Middle School Students.pdf,ieee_pipeline_outputs\cluster_3\2025 A Practical Study of Applying Generative Artificial Intelligence to Promote Programming Learning Engagement for Middle School Students.pdf,False,244,,
cluster_3,2025 A Systematic Mapping of Large Language Models as Feedback Provider in Higher Education.pdf,ieee_pipeline_outputs\cluster_3\2025 A Systematic Mapping of Large Language Models as Feedback Provider in Higher Education.pdf,False,244,,
cluster_3,2025 AI for Everyday IT Accelerate workplace productivity.pdf,ieee_pipeline_outputs\cluster_3\2025 AI for Everyday IT Accelerate workplace productivity.pdf,False,244,,
cluster_3,2025 AI-Powered Meta-Reflection for Self-Learning in STEM A Middle School Case Study on Smart Home Energy Management.pdf,ieee_pipeline_outputs\cluster_3\2025 AI-Powered Meta-Reflection for Self-Learning in STEM A Middle School Case Study on Smart Home Energy Management.pdf,False,244,,
cluster_3,2025 An Investigation into ChatGPT-Based Instructional Feedback on Programming Projects.pdf,ieee_pipeline_outputs\cluster_3\2025 An Investigation into ChatGPT-Based Instructional Feedback on Programming Projects.pdf,False,244,,
cluster_3,2025 Assessing ChatGPT’s Influence on Productivity and Learning Outcomes in Higher Education A Comprehensive Analysis.pdf,ieee_pipeline_outputs\cluster_3\2025 Assessing ChatGPT’s Influence on Productivity and Learning Outcomes in Higher Education A Comprehensive Analysis.pdf,False,244,,
cluster_3,2025 Athena A GenAI-Powered Programming Tutor Based on Open-Source LLM.pdf,ieee_pipeline_outputs\cluster_3\2025 Athena A GenAI-Powered Programming Tutor Based on Open-Source LLM.pdf,False,244,,
cluster_3,2025 ChatGPT as a Programming Tutor Student Perceptions Effectiveness and Challenges.pdf,ieee_pipeline_outputs\cluster_3\2025 ChatGPT as a Programming Tutor Student Perceptions Effectiveness and Challenges.pdf,False,244,,
cluster_3,2025 ChatGPT Based Best Practices for Pair Programming.pdf,ieee_pipeline_outputs\cluster_3\2025 ChatGPT Based Best Practices for Pair Programming.pdf,False,244,,
cluster_3,2025 ChatGPT in Engineering Teaching & Learning Student and Faculty Perspective.pdf,ieee_pipeline_outputs\cluster_3\2025 ChatGPT in Engineering Teaching & Learning Student and Faculty Perspective.pdf,False,244,,
cluster_3,2025 Empowering Mathematical Problem-Posing Pedagogy with Generative AI A Theoretical Framework and Case Study.pdf,ieee_pipeline_outputs\cluster_3\2025 Empowering Mathematical Problem-Posing Pedagogy with Generative AI A Theoretical Framework and Case Study.pdf,False,244,,
cluster_3,2025 Empowering Software Architects with Artificial Intelligence Analyzing GitHub Copilots Role in Modern Architecture Design.pdf,ieee_pipeline_outputs\cluster_3\2025 Empowering Software Architects with Artificial Intelligence Analyzing GitHub Copilots Role in Modern Architecture Design.pdf,False,244,,
cluster_3,2025 Enhancing Algorithm Comprehension for Visually Impaired Individuals With LLM-Based Programming Code Segmentation.pdf,ieee_pipeline_outputs\cluster_3\2025 Enhancing Algorithm Comprehension for Visually Impaired Individuals With LLM-Based Programming Code Segmentation.pdf,False,244,,
cluster_3,2025 Enhancing Competition-Based Big Data Analytics Learning Through AI-Driven Distributed Scaffolding.pdf,ieee_pipeline_outputs\cluster_3\2025 Enhancing Competition-Based Big Data Analytics Learning Through AI-Driven Distributed Scaffolding.pdf,False,244,,
cluster_3,2025 Enhancing Computational Thinking and Problemsolving in Programming Education Through Generative AI A Scoped Review.pdf,ieee_pipeline_outputs\cluster_3\2025 Enhancing Computational Thinking and Problemsolving in Programming Education Through Generative AI A Scoped Review.pdf,False,244,,
cluster_3,2025 Enhancing Developer Productivity Benchmarking LLM-Powered Tools like GitHub Copilot and TabNine in Real-Time Coding Environments.pdf,ieee_pipeline_outputs\cluster_3\2025 Enhancing Developer Productivity Benchmarking LLM-Powered Tools like GitHub Copilot and TabNine in Real-Time Coding Environments.pdf,False,244,,
cluster_3,2025 Enhancing Self-Regulated Learning Using Generative AI Development and Evaluation of SRLMentor.pdf,ieee_pipeline_outputs\cluster_3\2025 Enhancing Self-Regulated Learning Using Generative AI Development and Evaluation of SRLMentor.pdf,False,244,,
cluster_3,2025 Enhancing Students’ Metacognition With Innovative IA-Based Metacognitive Reflective Learning Tool.pdf,ieee_pipeline_outputs\cluster_3\2025 Enhancing Students’ Metacognition With Innovative IA-Based Metacognitive Reflective Learning Tool.pdf,False,244,,
cluster_3,2025 Evaluating the Impact of Assistive AI Tools on Learning Outcomes and Ethical Considerations in Programming Education.pdf,ieee_pipeline_outputs\cluster_3\2025 Evaluating the Impact of Assistive AI Tools on Learning Outcomes and Ethical Considerations in Programming Education.pdf,False,244,,
cluster_3,2025 Evaluation of Generative AI Use to Foster Critical Thinking in Higher Education.pdf,ieee_pipeline_outputs\cluster_3\2025 Evaluation of Generative AI Use to Foster Critical Thinking in Higher Education.pdf,False,244,,
cluster_3,2025 Exploring a Hybrid Feedback Model The Impact of Teacher and AI Feedback on Sixth-Grade Students Reflective Writing in Mathematics.pdf,ieee_pipeline_outputs\cluster_3\2025 Exploring a Hybrid Feedback Model The Impact of Teacher and AI Feedback on Sixth-Grade Students Reflective Writing in Mathematics.pdf,False,244,,
cluster_3,2025 Exploring Ethical Awareness and Learning Impact A Study on the Use of ChatGPT and Generative AI in Higher Education.pdf,ieee_pipeline_outputs\cluster_3\2025 Exploring Ethical Awareness and Learning Impact A Study on the Use of ChatGPT and Generative AI in Higher Education.pdf,False,244,,
cluster_3,2025 Exploring Student Engagement and Personalized Learning with a Retrieval-Augmented Generation RAG Chatbot.pdf,ieee_pipeline_outputs\cluster_3\2025 Exploring Student Engagement and Personalized Learning with a Retrieval-Augmented Generation RAG Chatbot.pdf,False,244,,
cluster_3,2025 Exploring the Impact of Transparent Generative AI on Learning Outcomes Through a Human-Machine Trust Model.pdf,ieee_pipeline_outputs\cluster_3\2025 Exploring the Impact of Transparent Generative AI on Learning Outcomes Through a Human-Machine Trust Model.pdf,False,244,,
cluster_3,2025 Fine-Tuned Large Language Model for Visualization System A Study on Self-Regulated Learning in Education.pdf,ieee_pipeline_outputs\cluster_3\2025 Fine-Tuned Large Language Model for Visualization System A Study on Self-Regulated Learning in Education.pdf,False,244,,
cluster_3,2025 Game-Theoretic Analysis of the Collaborative Relationship Between Teachers and Students in the Application of ChatGPT in Higher Education.pdf,ieee_pipeline_outputs\cluster_3\2025 Game-Theoretic Analysis of the Collaborative Relationship Between Teachers and Students in the Application of ChatGPT in Higher Education.pdf,False,244,,
cluster_3,2025 Generative AI for Students Courses Evaluating the Impact on Fresh Graduate Performance.pdf,ieee_pipeline_outputs\cluster_3\2025 Generative AI for Students Courses Evaluating the Impact on Fresh Graduate Performance.pdf,False,244,,
cluster_3,2025 Generative Artificial Intelligence for Programming Education Enhancing Input to Outcome-Based Teaching and Learning Approaches.pdf,ieee_pipeline_outputs\cluster_3\2025 Generative Artificial Intelligence for Programming Education Enhancing Input to Outcome-Based Teaching and Learning Approaches.pdf,False,244,,
cluster_3,2025 Grid CoPilot A Large Language Model LLM based framework for Transforming Long-term Planning Analyses.pdf,ieee_pipeline_outputs\cluster_3\2025 Grid CoPilot A Large Language Model LLM based framework for Transforming Long-term Planning Analyses.pdf,False,244,,
cluster_3,2025 Guiding Self-Regulated Learning with an LLM-Based Pedagogical Chatbot.pdf,ieee_pipeline_outputs\cluster_3\2025 Guiding Self-Regulated Learning with an LLM-Based Pedagogical Chatbot.pdf,False,244,,
cluster_3,2025 Harnessing AIGC on Programming Learning in Higher Education A Systematic Review.pdf,ieee_pipeline_outputs\cluster_3\2025 Harnessing AIGC on Programming Learning in Higher Education A Systematic Review.pdf,False,244,,
cluster_3,2025 Harnessing ChatGPT for Education Applications Challenges and the PICA Framework for Pedagogical Integration.pdf,ieee_pipeline_outputs\cluster_3\2025 Harnessing ChatGPT for Education Applications Challenges and the PICA Framework for Pedagogical Integration.pdf,False,244,,
cluster_3,2025 Harnessing Generative AI for English Curriculum Innovation in Higher Education A Case Study at Al-Zaytoonah University of Jordan.pdf,ieee_pipeline_outputs\cluster_3\2025 Harnessing Generative AI for English Curriculum Innovation in Higher Education A Case Study at Al-Zaytoonah University of Jordan.pdf,False,244,,
cluster_3,2025 Impacts of a progressive feedback prompt-based text-generative AI approach on Chinese poetry learning.pdf,ieee_pipeline_outputs\cluster_3\2025 Impacts of a progressive feedback prompt-based text-generative AI approach on Chinese poetry learning.pdf,False,244,,
cluster_3,2025 Improving Privacy and User Experience of Self-Regulated Learning Using Local Large Language Models LLMs.pdf,ieee_pipeline_outputs\cluster_3\2025 Improving Privacy and User Experience of Self-Regulated Learning Using Local Large Language Models LLMs.pdf,False,244,,
cluster_3,2025 Integrating ChatGPT in an Educational Platform to Provide Learning Support and Promote Critical Thinking.pdf,ieee_pipeline_outputs\cluster_3\2025 Integrating ChatGPT in an Educational Platform to Provide Learning Support and Promote Critical Thinking.pdf,False,244,,
cluster_3,2025 Integration of Artificial Intelligence as a Tool to Enhance Critical Thinking Skills and Foster Learning in Bioengineering Education.pdf,ieee_pipeline_outputs\cluster_3\2025 Integration of Artificial Intelligence as a Tool to Enhance Critical Thinking Skills and Foster Learning in Bioengineering Education.pdf,False,244,,
cluster_3,2025 Interactions with Generative AI Wearables to Measure Developer Experience and Productivity Objectively.pdf,ieee_pipeline_outputs\cluster_3\2025 Interactions with Generative AI Wearables to Measure Developer Experience and Productivity Objectively.pdf,False,244,,
cluster_3,2025 Investigating the Division of Labour in Student-AI-Collaboration on Critical Thinking Tasks.pdf,ieee_pipeline_outputs\cluster_3\2025 Investigating the Division of Labour in Student-AI-Collaboration on Critical Thinking Tasks.pdf,False,244,,
cluster_3,2025 LLM Tools for Programming.pdf,ieee_pipeline_outputs\cluster_3\2025 LLM Tools for Programming.pdf,False,244,,
cluster_3,2025 Metacognitive Strategy Networks in GenAI-Enhanced Learning An Epistemic Network and Lag Sequence Analysis of High and Low Self-Efficacy Students.pdf,ieee_pipeline_outputs\cluster_3\2025 Metacognitive Strategy Networks in GenAI-Enhanced Learning An Epistemic Network and Lag Sequence Analysis of High and Low Self-Efficacy Students.pdf,False,244,,
cluster_3,2025 MindMirror A Digital Reflection Tool for Students.pdf,ieee_pipeline_outputs\cluster_3\2025 MindMirror A Digital Reflection Tool for Students.pdf,False,244,,
cluster_3,2025 Perceptions of the Use of Generative AI in Higher Education A Survey of Tanzanian Universities.pdf,ieee_pipeline_outputs\cluster_3\2025 Perceptions of the Use of Generative AI in Higher Education A Survey of Tanzanian Universities.pdf,False,244,,
cluster_3,2025 Practical Generative AI with ChatGPT Unleash your prompt engineering potential with OpenAI technologies for productivity and creativity.pdf,ieee_pipeline_outputs\cluster_3\2025 Practical Generative AI with ChatGPT Unleash your prompt engineering potential with OpenAI technologies for productivity and creativity.pdf,False,244,,
cluster_3,2025 Promoting Student Engagement in CSCL Through Scaffolds and Generative AI-Based Conversational Agent.pdf,ieee_pipeline_outputs\cluster_3\2025 Promoting Student Engagement in CSCL Through Scaffolds and Generative AI-Based Conversational Agent.pdf,False,244,,
cluster_3,2025 Real-Time Sentiment Analysis Pipeline for Yelp Customer Feedback Using ChatGPTs LLM and Distributed Systems.pdf,ieee_pipeline_outputs\cluster_3\2025 Real-Time Sentiment Analysis Pipeline for Yelp Customer Feedback Using ChatGPTs LLM and Distributed Systems.pdf,False,244,,
cluster_3,2025 Steerable Generative AI-Based Virtual Tutor for Design Learning.pdf,ieee_pipeline_outputs\cluster_3\2025 Steerable Generative AI-Based Virtual Tutor for Design Learning.pdf,False,244,,
cluster_3,2025 STEM Education in the Age of Generative AI Case Studies in Teaching Mathematics and Computer Science to Generation Z and Alpha.pdf,ieee_pipeline_outputs\cluster_3\2025 STEM Education in the Age of Generative AI Case Studies in Teaching Mathematics and Computer Science to Generation Z and Alpha.pdf,False,244,,
cluster_3,2025 Stimulating Critical Thinking in a Web Programming Module with Generative AI Tools.pdf,ieee_pipeline_outputs\cluster_3\2025 Stimulating Critical Thinking in a Web Programming Module with Generative AI Tools.pdf,False,244,,
cluster_3,2025 Supercharged Coding with GenAI From vibe coding to best practices using GitHub Copilot ChatGPT and OpenAI.pdf,ieee_pipeline_outputs\cluster_3\2025 Supercharged Coding with GenAI From vibe coding to best practices using GitHub Copilot ChatGPT and OpenAI.pdf,False,244,,
cluster_3,2025 Teacher Perceptions and Practices in Implementing Computer-Assisted Language Learning in Higher Education.pdf,ieee_pipeline_outputs\cluster_3\2025 Teacher Perceptions and Practices in Implementing Computer-Assisted Language Learning in Higher Education.pdf,False,244,,
cluster_3,2025 The Effectiveness of Using Large Language Model to Generate English Reading Comprehension Diagnostic Test Generative AI and Human-Made comparison.pdf,ieee_pipeline_outputs\cluster_3\2025 The Effectiveness of Using Large Language Model to Generate English Reading Comprehension Diagnostic Test Generative AI and Human-Made comparison.pdf,False,244,,
cluster_3,2025 Transforming Engineering Education with Competitive Programming Gamified Learning and AI-Driven Innovation.pdf,ieee_pipeline_outputs\cluster_3\2025 Transforming Engineering Education with Competitive Programming Gamified Learning and AI-Driven Innovation.pdf,False,244,,
cluster_3,paper_16_211a7363.pdf,ieee_pipeline_outputs\cluster_3\paper_16_211a7363.pdf,False,244,11254167,https://ieeexplore.ieee.org/stampPDF/getPDF.jsp?tp=&arnumber=11254167&ref=
cluster_3,paper_40_3d222516.pdf,ieee_pipeline_outputs\cluster_3\paper_40_3d222516.pdf,False,244,10938864,https://ieeexplore.ieee.org/stampPDF/getPDF.jsp?tp=&arnumber=10938864&ref=
cluster_3,paper_53_9b7d0dca.pdf,ieee_pipeline_outputs\cluster_3\paper_53_9b7d0dca.pdf,False,244,10507034,https://ieeexplore.ieee.org/stampPDF/getPDF.jsp?tp=&arnumber=10507034&ref=
cluster_3,paper_82_754849c4.pdf,ieee_pipeline_outputs\cluster_3\paper_82_754849c4.pdf,False,244,11189332,https://ieeexplore.ieee.org/stampPDF/getPDF.jsp?tp=&arnumber=11189332&ref=
