title,url_gs,year_gs,venue_gs,author_gs,source
Customizing emotional support: How do individuals construct and interact with LLM-powered chatbots,https://dl.acm.org/doi/abs/10.1145/3706598.3713453,2025.0,Proceedings of the 2025 CHI Conference …,"['X Zheng', 'Z Li', 'X Gui', 'Y Luo']",google_scholar
"Can generative artificial intelligence foster belongingness, social support, and reduce loneliness? A conceptual analysis",https://link.springer.com/chapter/10.1007/978-3-031-46238-2_13,2024.0,Applications of generative AI,"['B Pani', 'J Crawford', 'KA Allen']",google_scholar
The Heterogeneous Effects of AI Companionship: An Empirical Model of Chatbot Usage and Loneliness and a Typology of User Archetypes,https://ojs.aaai.org/index.php/AIES/article/view/36658,2025.0,… of the AAAI/ACM Conference on AI …,"['AR Liu', 'P Pataranutaporn', 'P Maes']",google_scholar
Characterizing Relationships with Companion and Assistant Large Language Models,https://dl.acm.org/doi/abs/10.1145/3715070.3749245,2025.0,Companion Publication of the 2025 …,"['A Manoli', 'JVT Pauketat', 'JR Anthis']",google_scholar
Can generative AI chatbots emulate human connection? A relationship science perspective,https://journals.sagepub.com/doi/abs/10.1177/17456916251351306,2025.0,… on Psychological Science,"['MG Smith', 'TN Bradbury']",google_scholar
AI companions reduce loneliness,https://academic.oup.com/jcr/advance-article-abstract/doi/10.1093/jcr/ucaf040/8173802,2025.0,Journal of Consumer …,"['J De Freitas', 'Z Oğuz-Uğuralp']",google_scholar
"Should We Trust AI to Cure Loneliness?: Ethical, Psychological, and Sociotechnical Perspectives",https://www.diva-portal.org/smash/record.jsf?pid=diva2:1976255,2025.0,,['D Jämting'],google_scholar
"From Assistants to Digital Beings: Exploring Anthropomorphism, Humanness Perception, and AI Anxiety in Large-Language-Model Chatbots",https://journals.sagepub.com/doi/abs/10.1177/08944393251354976,2025.0,Social Science Computer Review,"['X Yao', 'Y Xi']",google_scholar
Randomized trial of a generative AI chatbot for mental health treatment,https://ai.nejm.org/doi/abs/10.1056/AIoa2400802,2025.0,Nejm Ai,"['MV Heinz', 'DM Mackin', 'BM Trudeau', 'S Bhattacharya']",google_scholar
When AI Becomes a Friend: The “Emotional” and “Rational” Mechanism of Problematic Use in Generative AI Chatbot Interactions,https://www.tandfonline.com/doi/abs/10.1080/10447318.2025.2536622,2025.0,International Journal of Human–Computer …,"['H Huang', 'L Shi', 'X Pei']",google_scholar
From meaning to emotions: LLMs as artificial communication partners,https://link.springer.com/article/10.1007/s00146-025-02481-w,2025.0,AI & SOCIETY,['JL Morton'],google_scholar
Maintaining Long-Distance Relationships with (Mediocre) LLM-based Chatbots: A Collaborative Ethnographic Study,https://dl.acm.org/doi/abs/10.1145/3706599.3720221,2025.0,Proceedings of the …,"['B Ploderer', 'T Capel', 'NE Davaakhuu', 'NH Tung']",google_scholar
Depression and the use of conversational AI for companionship among college students: the mediating role of loneliness and the moderating effects of gender and …,https://www.frontiersin.org/journals/public-health/articles/10.3389/fpubh.2025.1580826/abstract,2025.0,Frontiers in Public Health,"['L Lai', 'Y Pan', 'R Xu', 'Y Jiang']",google_scholar
ChatGPT and mental health: Friends or foes?,https://onlinelibrary.wiley.com/doi/abs/10.1002/hsr2.1912,2024.0,Health Science …,"['KT Kalam', 'JM Rahman', 'MR Islam']",google_scholar
Initiative Prompt by Design: the Roles of Emotional Attachment and Intrusiveness in Digital Companionship,https://aisel.aisnet.org/amcis2025/sig_hci/sig_hci/20/,2025.0,,"['Z Wang', 'C Ouyang']",google_scholar
Debate and dilemmas regarding generative AI in mental health care: scoping review,https://i-jmr.org/2024/1/e53672,2024.0,Interactive Journal of Medical …,"['X Xian', 'A Chang', 'YT Xiang', 'MT Liu']",google_scholar
A random human peer is better than a highly supportive chatbot in reducing loneliness over time,https://open.library.ubc.ca/soa/cIRcle/collections/ubctheses/24/items/1.0449721,2025.0,,['R Li'],google_scholar
Hysteria in empathy: Understanding virtual companionship and emotional connection between humans and Al,https://journals.sagepub.com/doi/abs/10.1177/09593543251319738,2025.0,Theory & Psychology,"['M Guo', 'Z Liu']",google_scholar
Generative AI Mental Health Chatbots as Therapeutic Tools: Systematic Review and Meta-Analysis of Their Role in Reducing Mental Health Issues,https://www.jmir.org/2025/1/e78238/,2025.0,Journal of Medical Internet …,"['Q Zhang', 'R Zhang', 'Y Xiong', 'Y Sui', 'C Tong']",google_scholar
Evaluating Generative AI in Mental Health: Systematic Review of Capabilities and Limitations,https://mental.jmir.org/2025/1/e70014/,2025.0,… mental health,"['L Wang', 'T Bhanushali', 'Z Huang', 'J Yang']",google_scholar
Designing a Generative AI Companion for Seniors,https://aisel.aisnet.org/amcis2025/intelfuture/intelfuture/8/,2025.0,,"['A Ray', 'A Munshi']",google_scholar
The algorithm of friendship: literature review and integrative model of relationships between humans and artificial intelligence (AI),https://www.tandfonline.com/doi/abs/10.1080/0144929X.2025.2502467,2025.0,Behaviour & Information Technology,"['T Gur', 'Y Maaravi']",google_scholar
Assessing User Trust in LLM-based Mental Health Applications: Perceptions of Reliability and Effectiveness,https://www.suaspress.org/ojs/index.php/JCTAM/article/view/v1n2a03,2024.0,Journal of Computer …,"['Y Zhao', 'J Wu', 'P Qu', 'B Zhang', 'H Yan']",google_scholar
Towards designing a ChatGPT conversational companion for elderly people,https://dl.acm.org/doi/abs/10.1145/3594806.3596572,2023.0,Proceedings of the 16th international conference …,"['A Alessa', 'H Al-Khalifa']",google_scholar
"When artificial intelligence substitutes humans in higher education: the cost of loneliness, student success, and retention",https://www.tandfonline.com/doi/abs/10.1080/03075079.2024.2326956,2024.0,Studies in Higher …,"['J Crawford', 'KA Allen', 'B Pani']",google_scholar
The artificial third: utilizing ChatGPT in mental health,https://www.tandfonline.com/doi/full/10.1080/15265161.2023.2250297,2023.0,The American Journal …,"['A Tal', 'Z Elyoseph', 'Y Haber', 'T Angert', 'T Gur']",google_scholar
Seeking Emotional and Mental Health Support From Generative AI: Mixed-Methods Study of ChatGPT User Experiences,https://mental.jmir.org/2025/1/e77951/,2025.0,… Mental Health,"['X Luo', 'Z Wang', 'JL Tilley', 'S Balarajan']",google_scholar
ChatGPT: a promising tool to combat social isolation and loneliness in older adults with mild cognitive impairment,https://www.neurologylive.com/view/chatgpt-promising-tool-combat-social-isolation-loneliness-older-adults-mild-cognitive-impairment,2023.0,Neurology live,"['X Qi', 'B Wu']",google_scholar
Exploring Older Adults Personality Preferences for LLM-powered Conversational Companions,https://dl.acm.org/doi/abs/10.1145/3706599.3719976,2025.0,Proceedings of the Extended Abstracts of …,"['A Shahid', 'J Chung', 'S Heo']",google_scholar
Befriend GenAI Chatbots: Exploring the Determinants of Parasocial Relationship in human-AI Interaction Through a Hybrid PLS-ANN-NCA Approach,https://www.tandfonline.com/doi/abs/10.1080/10447318.2025.2537794,2025.0,International Journal of Human–Computer …,"['W Zhong', 'J Luo']",google_scholar
Therapeutic potential of social chatbots in alleviating loneliness and social anxiety: Quasi-experimental mixed methods study,https://www.jmir.org/2025/1/e65589/,2025.0,Journal of medical …,"['M Kim', 'S Lee', 'S Kim', 'J Heo', 'S Lee', 'YB Shin']",google_scholar
The typing cure: Experiences with large language model chatbots for mental health support,https://dl.acm.org/doi/abs/10.1145/3757430,2025.0,Proceedings of the ACM …,"['I Song', 'SR Pendse', 'N Kumar']",google_scholar
Understanding the benefits and challenges of using large language model-based conversational agents for mental well-being support,https://pmc.ncbi.nlm.nih.gov/articles/PMC10785945/,2024.0,AMIA Annual Symposium Proceedings,"['Z Ma', 'Y Mei', 'Z Su']",google_scholar
Human-AI Interactions in Teacher Education: Examining Social Presence and Friendship,https://dl.acm.org/doi/abs/10.1145/3702386.3702399,2024.0,… of the 2024 International Conference on Artificial …,"['HW Huang', 'J Chang']",google_scholar
The role of humanization and robustness of large language models in conversational artificial intelligence for individuals with depression: a critical analysis,https://mental.jmir.org/2024/1/e56569,2024.0,JMIR Mental Health,"['A Ferrario', 'J Sedlakova', 'M Trachsel']",google_scholar
Improving workplace well-being in modern organizations: A review of large language model-based mental health chatbots,https://dl.acm.org/doi/abs/10.1145/3701041,2025.0,ACM Transactions on …,"['A Yuan', 'E Garcia Colato', 'B Pescosolido']",google_scholar
Anthropomorphism as Social Affordance: Charting the Co-Animation of Chatbots into Social “Agents”,https://ojs.aaai.org/index.php/AIES/article/view/36664,2025.0,Proceedings of the AAAI/ACM Conference on AI …,"['T Maeda', 'L Stark']",google_scholar
Artificial Intimacy: Exploring Normativity and Personalization Through Fine-tuning LLM Chatbots,https://dl.acm.org/doi/abs/10.1145/3706598.3713728,2025.0,Proceedings of the 2025 …,"['M Jones', 'N Griffioen', 'C Neumayer']",google_scholar
… and social attributes on peoples' usage intention and media dependence towards chatbot: The mediating role of parasocial interaction and emotional support,https://link.springer.com/article/10.1186/s40359-025-03284-w,2025.0,BMC psychology,"['K Zhang', 'Y Xie', 'D Chen', 'Z Ji', 'J Wang']",google_scholar
"Investigating AI chatbot dependence: Associations with Internet and smartphone dependence, mental health outcomes, and the moderating role of usage purposes",https://www.tandfonline.com/doi/abs/10.1080/10447318.2025.2545464,2025.0,International Journal of …,"['X Zhang', 'H Li', 'M Yin', 'M Zhang', 'Z Li']",google_scholar
Evaluating the experience of LGBTQ+ people using large language model based chatbots for mental health support,https://dl.acm.org/doi/abs/10.1145/3613904.3642482,2024.0,… of the 2024 CHI Conference on …,"['Z Ma', 'Y Mei', 'Y Long', 'Z Su', 'KZ Gajos']",google_scholar
Loneliness and suicide mitigation for students using GPT3-enabled chatbots,https://www.nature.com/articles/s44184-023-00047-6,2024.0,npj mental health research,"['B Maples', 'M Cerit', 'A Vishwanath', 'R Pea']",google_scholar
Comparing ChatGPT and validated questionnaires in assessing loneliness and online social support among college students: a cross-sectional study,https://www.nature.com/articles/s41598-025-06358-2,2025.0,Scientific Reports,"['J Gu', 'J Liu', 'L Zeng', 'Y Yu', 'Y Qiu', 'Y Yue', 'M Tong']",google_scholar
"… Between Embodiment and Theory of Mind Behavior Affects LLM-based Conversational Agents on Perceived Trust, Anthropomorphism, Presence, Usability, and User …",https://dl.acm.org/doi/abs/10.1145/3774779,2025.0,ACM Transactions on …,"['EA Schlesener', 'M Ziolkowski', 'SK Wong']",google_scholar
The Application and Ethical Implication of Generative AI in Mental Health: Systematic Review,https://mental.jmir.org/2025/1/e70610,2025.0,JMIR Mental Health,"['X Wang', 'Y Zhou', 'G Zhou']",google_scholar
The role of generative AI and anthropomorphism in shaping conversational marketing: Creating a matrix for future research,https://dergipark.org.tr/en/pub/epess/issue/82112/1412832,2023.0,The Eurasia Proceedings of Educational and Social …,['K Israfılzade'],google_scholar
Gen Zen? How Young People Adapt AI Chatbots for Emotional Support,https://books.google.com/books?hl=en&lr=&id=r9yZEQAAQBAJ&oi=fnd&pg=PA39&dq=(%22LLM%22+OR+%22large+language+model%22+OR+%22generative+AI%22+OR+%22ChatGPT%22+OR+%22AI+chatbot%22)+AND+(%22AI+companionship%22+OR+%22AI+companion%22+OR+%22human-AI+relationship%22+OR+%22emotional+support%22+OR+%22loneliness%22+OR+%22anthropomorphism%22+OR+%22parasocial+relationship%22+OR+%22mental+health%22+OR+%22user-driven+value+alignment%22)&ots=hJXa-5Eeto&sig=pUEsCCkNpVmPNikD00ZUkCGhfWc,2026.0,Foundations in Cyber-Ethnography: A Cross …,['P Pavliscak'],google_scholar
… the human touch: How AI chatbots' emotional support and human-like profiles reduce psychological reactance to promote user self-disclosure in mental health …,https://www.tandfonline.com/doi/abs/10.1080/02650487.2025.2558479,2025.0,International Journal of Advertising,"['H Kim', 'Y Wang']",google_scholar
Development and evaluation of a mental health chatbot using ChatGPT 4.0: Mixed methods user experience study with Korean users,https://medinform.jmir.org/2025/1/e63538,2025.0,JMIR Medical Informatics,"['B Kang', 'M Hong']",google_scholar
Chatbots and mental health: Insights into the safety of generative AI,https://myscp.onlinelibrary.wiley.com/doi/abs/10.1002/jcpy.1393,2024.0,Journal of Consumer …,"['J De Freitas', 'AK Uğuralp']",google_scholar
Can ChatGPT substitute human companionship for coping with loss and trauma?,https://www.tandfonline.com/doi/abs/10.1080/15325024.2023.2240697,2023.0,Journal of Loss and Trauma,['MB Garcia'],google_scholar
Assessing the effectiveness of ChatGPT in delivering mental health support: a qualitative study,https://www.tandfonline.com/doi/abs/10.2147/JMDH.S447368,2024.0,Journal of multidisciplinary healthcare,['F Alanezi'],google_scholar
Can we use ChatGPT for mental health and substance use education? Examining its quality and potential harms,https://mededu.jmir.org/2023/1/e51243/,2023.0,JMIR Medical …,"['S Spallek', 'L Birrell', 'S Kershaw', 'EK Devine']",google_scholar
"AI-powered Chatbots for Mental Health Support: Challenges, Concerns, and Research Issues",https://aisel.aisnet.org/amcis2025/sig_aiaa/sig_aiaa/15/,2025.0,,['S Shao'],google_scholar
Cases of using ChatGPT as a mental health and psychological support tool,https://www.tandfonline.com/doi/abs/10.1080/15398285.2024.2442374,2025.0,Journal of Consumer Health on the Internet,['L Giray'],google_scholar
An ethical perspective on the democratization of mental health with generative AI,https://mental.jmir.org/2024/1/e58011,2024.0,… Mental Health,"['Z Elyoseph', 'T Gur', 'Y Haber', 'T Simon', 'T Angert']",google_scholar
Generative ai applications in the health and well-being domain: Virtual and robotic assistance and the need for niche language models (nlms),https://link.springer.com/chapter/10.1007/978-3-031-46238-2_9,2024.0,Applications of generative AI,['G Revell'],google_scholar
Exploring user security and privacy attitudes and concerns toward the use of {General-Purpose}{LLM} chatbots for mental health,https://www.usenix.org/conference/usenixsecurity25/presentation/kwesi,2025.0,34th USENIX Security …,"['J Kwesi', 'J Cao', 'R Manchanda']",google_scholar
MyListener: An AI-Mediated Journaling Mobile Application for Alleviating Depression and Loneliness Using Contextual Data,https://dl.acm.org/doi/abs/10.1145/3675094.3677601,2024.0,Companion of the 2024 on ACM …,"['G Jung', 'S Choi', 'Y Kang', 'J Kim']",google_scholar
Private Yet Social: How LLM Chatbots Support and Challenge Eating Disorder Recovery,https://dl.acm.org/doi/abs/10.1145/3706598.3713485,2025.0,… of the 2025 CHI Conference on …,"['R Choi', 'T Kim', 'S Park', 'JG Kim', 'SJ Lee']",google_scholar
A Family-History Based Conversational AI System Using LLM,https://ieeexplore.ieee.org/abstract/document/10827365/,2024.0,2024 15th International …,"['M Lim', 'J Ku', 'GH Oh', 'S Lee', 'Y Kang']",google_scholar
Exploring the effect of attachment on technology addiction to generative AI chatbots: A structural equation modeling analysis,https://www.tandfonline.com/doi/abs/10.1080/10447318.2024.2426029,2025.0,International Journal of Human–Computer …,"['Y Huang', 'H Huang']",google_scholar
Measuring perceived empathy in generative AI in the context of mental health applications,https://tru.arcabc.ca/node/4791,2025.0,,['D Jordan'],google_scholar
The dark side of ai companionship: A taxonomy of harmful algorithmic behaviors in human-ai relationships,https://dl.acm.org/doi/abs/10.1145/3706598.3713429,2025.0,Proceedings of the 2025 …,"['R Zhang', 'H Li', 'H Meng', 'J Zhan', 'H Gan']",google_scholar
Examining trust and agency in emotionalized AI through a 4E and biosemiotic lens: a case study of AI companionship in Japan,https://link.springer.com/article/10.1007/s00146-025-02694-z,2025.0,AI & SOCIETY,"['P Mantello', 'D Ponton', 'A Olteanu']",google_scholar
A Conversational Interaction Framework Using Large Language Models for Personalized Elderly Care,https://ieeexplore.ieee.org/abstract/document/10930020/,2025.0,2025 IEEE …,"['K So', 'HJ Kim', 'DS Shin', 'JA Sim', 'JJ Lee']",google_scholar
Self-chats from large language models make small emotional support chatbot better,https://ink.library.smu.edu.sg/sis_research/9239/,2024.0,,"['Z Zheng', 'L Liao', 'Y Deng', 'L Qin', 'L Nie']",google_scholar
AN EXAMINATION OF THE IMPACT OF HUMAN-AI CHATBOT INTIMACY (HCI) ON THE MENTAL HEALTH FUNCTIONING OF USERS AND POLICY IMPLICATIONS.,https://search.ebscohost.com/login.aspx?direct=true&profile=ehost&scope=site&authtype=crawler&jrnl=2153683X&AN=186305458&h=Cu9VS36WpcLfL2lXbUNcpMBFY%2FM1cVE0qpnj6IB9%2Bifp7CdMfWj8v7pVnbeBXEpE%2FjpwX9SRXYo%2BXRUOdjIkGA%3D%3D&crl=c,2024.0,Journal of Education & Social Justice,['J RAYMOND'],google_scholar
The Efficacy of Rule-Based Versus Large Language Model-Based Chatbots in Alleviating Symptoms of Depression and Anxiety: Systematic Review and Meta …,https://www.jmir.org/2025/1/e78186/,2025.0,Journal of Medical Internet Research,"['Q Du', 'Y Ren', 'Z Meng', 'H He', 'S Meng']",google_scholar
Tech vs. tradition: ChatGPT and mindfulness in enhancing older adults' emotional health,https://www.mdpi.com/2076-328X/14/10/923,2024.0,Behavioral Sciences,"['Y Wang', 'S Li']",google_scholar
Enhancing mental health support through human-ai collaboration: Toward secure and empathetic ai-enabled chatbots,https://ieeexplore.ieee.org/abstract/document/11050703/,2025.0,… IEEE Conference on …,"['R AlMakinah', 'A Norcini-Pala', 'L Disney']",google_scholar
An Exploratory Study Into the Impact of AI Literacy Training on Anthropomorphism and Trust in Conversational AI,https://link.springer.com/chapter/10.1007/978-3-031-93415-5_18,2025.0,International Conference on …,"['G Wood', 'E Nuñez Castellar', 'W IJsselsteijn']",google_scholar
Misinformation reloaded? Fears about the impact of generative AI on misinformation are overblown,https://ora.ox.ac.uk/objects/uuid:bfa56657-6e42-4839-876f-26eabd9807b3,2023.0,… Kennedy School Misinformation …,"['FM Simon', 'S Altay', 'H Mercier']",google_scholar
Unmasking digital falsehoods: A comparative analysis of LLM-based misinformation detection strategies,https://ieeexplore.ieee.org/abstract/document/11020217/,2025.0,2025 8th International Conference …,"['T Huang', 'J Yi', 'P Yu', 'X Xu']",google_scholar
"Generative AI and misinformation: a scoping review of the role of generative AI in the generation, detection, mitigation, and impact of misinformation",https://link.springer.com/article/10.1007/s00146-025-02620-3,2025.0,AI & SOCIETY,"['S Park', 'X Nan']",google_scholar
"Generative AI and disinformation: recent advances, challenges, and opportunities",https://lirias.kuleuven.be/retrieve/758830,2024.0,,"['K Bontcheva', 'S Papadopoulous', 'F Tsalakanidou']",google_scholar
In generative AI we trust: can chatbots effectively verify political information?,https://link.springer.com/article/10.1007/s42001-024-00338-8,2025.0,… of Computational Social …,"['E Kuznetsova', 'M Makhortykh', 'V Vziatysheva']",google_scholar
Durably reducing conspiracy beliefs through dialogues with AI,https://www.science.org/doi/abs/10.1126/science.adq1814,2024.0,Science,"['TH Costello', 'G Pennycook', 'DG Rand']",google_scholar
Dialogues with large language models reduce conspiracy beliefs even when the AI is perceived as human,https://academic.oup.com/pnasnexus/article-abstract/4/11/pgaf325/8285733,2025.0,PNAS …,"['E Boissin', 'TH Costello', 'D Spinoza-Martín']",google_scholar
Hallucination as disinformation: The role of LLMs in amplifying conspiracy theories and fake news,http://sciencespress.com/index.php/JACAIDMS/article/view/14,2024.0,Journal of Applied Cybersecurity Analytics …,['C Bandara'],google_scholar
Can LLM-generated misinformation be detected: A study on Cyber Threat Intelligence,https://www.sciencedirect.com/science/article/pii/S0167739X25001724,2025.0,Future Generation …,"['H Huang', 'N Sun', 'M Tani', 'Y Zhang', 'J Jiang']",google_scholar
The impact and opportunities of Generative AI in fact-checking,https://dl.acm.org/doi/abs/10.1145/3630106.3658987,2024.0,Proceedings of the 2024 ACM Conference on Fairness …,"['R Wolfe', 'T Mitra']",google_scholar
Mapping the Impact of Generative AI on Disinformation: Insights from a Scoping Review,https://www.mdpi.com/2304-6775/13/3/33,2025.0,Publications,"['A López-Borrull', 'C Lopezosa']",google_scholar
The longtail impact of generative ai on disinformation: Harmonizing dichotomous perspectives,https://ieeexplore.ieee.org/abstract/document/10702034/,2024.0,IEEE Intelligent …,"['JS Lucas', 'BM Maung', 'M Tabar']",google_scholar
Stochastic lies: How LLM-powered chatbots deal with Russian disinformation about the war in Ukraine,https://misinforeview.hks.harvard.edu/article/stochastic-lies-how-llm-powered-chatbots-deal-with-russian-disinformation-about-the-war-in-ukraine/,2024.0,… Misinformation …,"['M Makhortykh', 'M Sydorova']",google_scholar
Toward mitigating misinformation and social media manipulation in llm era,https://dl.acm.org/doi/abs/10.1145/3589335.3641256,2024.0,… of the ACM Web Conference 2024,"['Y Zhang', 'K Sharma', 'L Du', 'Y Liu']",google_scholar
The thin line between conspiracy theories and opinion: Why humans and AI struggle to differentiate them,https://ijoc.org/index.php/ijoc/article/view/22182,2025.0,International Journal of Communication,"['P Carvalho', 'D Caled', 'MJ Silva']",google_scholar
Artificial intelligence and increasing misinformation,https://www.cambridge.org/core/journals/the-british-journal-of-psychiatry/article/artificial-intelligence-and-increasing-misinformation/DCCE0EB214E3D375A3006AA69FFB210D,2024.0,The British Journal of …,"['S Monteith', 'T Glenn', 'JR Geddes']",google_scholar
Combating misinformation in the age of llms: Opportunities and challenges,https://onlinelibrary.wiley.com/doi/abs/10.1002/aaai.12188,2024.0,AI Magazine,"['C Chen', 'K Shu']",google_scholar
Model attribution in llm-generated disinformation: A domain generalization approach with supervised contrastive learning,https://ieeexplore.ieee.org/abstract/document/10722818/,2024.0,2024 IEEE 11th …,"['A Beigi', 'Z Tan', 'N Mudiam', 'C Chen']",google_scholar
AI for Combatting Mis/Disinformation,https://econtent.hogrefe.com/doi/full/10.1027/1864-1105/a000480,2025.0,Journal of Media …,"['E Behm-Morawitz', 'BR Warner']",google_scholar
Combating misinformation in the era of generative AI models,https://dl.acm.org/doi/abs/10.1145/3581783.3612704,2023.0,Proceedings of the 31st ACM International …,"['D Xu', 'S Fan', 'M Kankanhalli']",google_scholar
Is ChatGPT a friend or foe in the war on misinformation? A South African perspective,https://journals.co.za/doi/abs/10.36615/jcsa.v42i2.2437,2023.0,Communicare: Journal for Communication …,"['B Senekal', 'S Brokensha']",google_scholar
Impact of misinformation from generative AI on user information processing: How people understand misinformation from generative AI,https://journals.sagepub.com/doi/abs/10.1177/14614448241234040,2025.0,New Media & Society,"['D Shin', 'A Koerber', 'JS Lim']",google_scholar
"The dark side of LLM-powered chatbots: misinformation, biases, content moderation challenges in political retrievald",https://research-repository.rmit.edu.au/articles/journal_contribution/THE_DARK_SIDE_OF_LLM-POWERED_CHATBOTS_MISINFORMATION_BIASES_CONTENT_MODERATION_CHALLENGES_IN_POLITICAL_INFORMATION_RETRIEVAL/30007384,2025.0,,"['X Kuai', 'C Brantner', 'M Karlsson', 'E Van Couvering']",google_scholar
"Generative AI in the Era of 'Alternative Facts,'",https://scholar.archive.org/work/4kbg5ntghvh5zb2fvetuzedwzy/access/wayback/https://mit-genai.pubpub.org/pub/cnks7gwl/download/pdf,2024.0,… of Generative AI,"['S Gabriel', 'L Lyu', 'J Siderius', 'M Ghassemi']",google_scholar
Unraveling public conspiracy theories toward ChatGPT in China: A critical discourse analysis of Weibo posts,https://www.tandfonline.com/doi/abs/10.1080/08838151.2023.2275603,2024.0,Journal of Broadcasting & Electronic Media,"['W Zou', 'Z Liu']",google_scholar
Generative AI and Disinformation| Echoes of Doubt: Exposure to Information About Generative AI Decreases Believability of News,https://ijoc.org/index.php/ijoc/article/view/24772,2025.0,International Journal of …,"['M Tulin', 'M Pantazi', 'C Starke', 'M Sivolap']",google_scholar
Exploring generative AI in the misinformation Era: Impacts as a misinformation source and fact-checker on belief in the information,https://www.sciencedirect.com/science/article/pii/S073658532500070X,2025.0,Telematics and Informatics,"['SY Lee', 'W Liu']",google_scholar
Generative AI and Disinformation| Parental Perceptions of Dynamic Exchanges of Human Papillomavirus Vaccine Misinformation and Corrections From AI Checkers …,https://ijoc.org/index.php/ijoc/article/view/24429,2025.0,International Journal of …,"['R Tang', 'B Burston', 'J Sun', 'EK Vraga', 'L Bode']",google_scholar
Large-Language-Model-Powered Agent-Based Framework for Misinformation and Disinformation Research,https://www.computer.org/csdl/api/v1/periodical/mags/sp/5555/01/10492674/1VSc5O0EJ2g/download-article/pdf,,,['GA Intelligence'],google_scholar
Large language models (LLMs) and the institutionalization of misinformation,https://www.cell.com/trends/cognitive-sciences/abstract/S1364-6613(24)00221-3,2024.0,Trends in cognitive sciences,"['M Garry', 'WM Chan', 'J Foster', 'LA Henkel']",google_scholar
Manipulative Phantoms in the Machine: A Legal Examination of Large Language Model Hallucinations on Human Opinion Formation,https://link.springer.com/chapter/10.1007/978-3-031-91054-8_3,2024.0,IFIP International Summer School on Privacy and …,['A Taimur'],google_scholar
Fact-checking information from large language models can decrease headline discernment,https://www.pnas.org/doi/abs/10.1073/pnas.2322823121,2024.0,Proceedings of the National …,"['MR DeVerna', 'HY Yan', 'KC Yang', 'F Menczer']",google_scholar
Yours Truly: A Credibility Framework for Effortless LLM-powered Fact Checking,https://ieeexplore.ieee.org/abstract/document/10807167/,2024.0,IEEE Access,"['V Krishnamurthy', 'V Balaji']",google_scholar
Disinformation Researchers Raise Alarms About AI Chatbots.,https://go.gale.com/ps/i.do?id=GALE%7CA736373175&sid=googleScholar&v=2.1&it=r&linkaccess=abs&issn=22699740&p=AONE&sw=w,2023.0,International New York Times,"['T Hsu', 'SA Thompson']",google_scholar
Assessing the system-instruction vulnerabilities of large language models to malicious conversion into health disinformation chatbots,https://www.acpjournals.org/doi/abs/10.7326/ANNALS-24-03933,2025.0,Annals of Internal …,"['ND Modi', 'BD Menz', 'AA Awaty', 'CA Alex']",google_scholar
"Online disinformation and generative language models: Motivations, challenges, and mitigations",https://dl.acm.org/doi/abs/10.1145/3589335.3651254,2024.0,Companion Proceedings of the ACM Web Conference …,['Z Guo'],google_scholar
"LLMs grooming or data voids? LLM-powered chatbot references to Kremlin disinformation reflect information gaps, not manipulation",https://misinforeview.hks.harvard.edu/article/llms-grooming-or-data-voids-llm-powered-chatbot-references-to-kremlin-disinformation-reflect-information-gaps-not-manipulation/,2025.0,… Misinformation …,"['M Alyukov', 'M Makhortykh']",google_scholar
Misinformation and Disinformation in Generative AI—A Survey,https://link.springer.com/chapter/10.1007/978-981-96-8183-9_23,2025.0,Pacific-Asia Conference on Knowledge Discovery and …,['R Srinivasan'],google_scholar
Misinformation Correction in the Age of Generative Ai: Evaluating User Responses to Health Information Delivered by Chatgpt,https://papers.ssrn.com/sol3/papers.cfm?abstract_id=5393504,,"M, Misinformation …","['PJ Schulz', 'KM Kee', 'S Anita', 'ASE Soh']",google_scholar
The origin of public concerns over AI supercharging misinformation in the 2024 US presidential election,https://misinforeview.hks.harvard.edu/article/the-origin-of-public-concerns-over-ai-supercharging-misinformation-in-the-2024-u-s-presidential-election/,2025.0,… Misinformation …,"['HY Yan', 'G Morrow', 'KC Yang']",google_scholar
Generative echo chamber? effect of llm-powered search systems on diverse information seeking,https://dl.acm.org/doi/abs/10.1145/3613904.3642459,2024.0,Proceedings of the 2024 CHI Conference …,"['N Sharma', 'QV Liao', 'Z Xiao']",google_scholar
"Deepfakes, misinformation, and disinformation in the era of frontier AI, generative AI, and large AI models",https://ieeexplore.ieee.org/abstract/document/10401723/,2023.0,… on computer and …,"['MR Shoaib', 'Z Wang', 'MT Ahvanooey']",google_scholar
Detection of Fake News in Romanian: LLM-Based Approaches to COVID-19 Misinformation,https://www.mdpi.com/2078-2489/16/9/796,2025.0,Information,"['A Dima', 'E Ilis', 'D Florea', 'M Dascalu']",google_scholar
Disinformation detection: An evolving challenge in the age of llms,https://epubs.siam.org/doi/abs/10.1137/1.9781611978032.50,2024.0,Proceedings of the 2024 siam international …,"['B Jiang', 'Z Tan', 'A Nirmal', 'H Liu']",google_scholar
Preventing and detecting misinformation generated by large language models,https://dl.acm.org/doi/abs/10.1145/3626772.3661377,2024.0,Proceedings of the 47th International ACM SIGIR …,"['A Liu', 'Q Sheng', 'X Hu']",google_scholar
"Misinformation, disinformation, and generative AI: Implications for perception and policy",https://dl.acm.org/doi/abs/10.1145/3689372,2025.0,… : Research and Practice,"['K Jaidka', 'T Chen', 'S Chesterman', 'W Hsu']",google_scholar
Debunk Lists as External Knowledge Structures for Health Misinformation Detection with Generative AI,https://www.mdpi.com/2079-8954/13/10/882,2025.0,Systems,"['M Rostami', 'S Hawamdeh']",google_scholar
A Step Towards Modern Disinformation Detection: Novel Methods for Detecting LLM-Generated Text,https://ieeexplore.ieee.org/abstract/document/10773838/,2024.0,MILCOM 2024-2024 …,"['S Nathanson', 'Y Yoo', 'D Na', 'Y Cao']",google_scholar
The generative illusion: how ChatGPT-like AI tools could reinforce misinformation and mistrust in public health communication,https://www.frontiersin.org/journals/public-health/articles/10.3389/fpubh.2025.1683498/abstract,2025.0,Frontiers in Public Health,"['J Joseph', 'B Jose', 'J Jose']",google_scholar
Personalizing LLM Responses to Combat Political Misinformation,https://dl.acm.org/doi/abs/10.1145/3699682.3728349,2025.0,Proceedings of the 33rd …,"['A Proma', 'N Pate', 'J Druckman', 'G Ghoshal']",google_scholar
Large language model (LLM)-powered chatbots fail to generate guideline-consistent content on resuscitation and may provide potentially harmful advice,https://www.cambridge.org/core/journals/prehospital-and-disaster-medicine/article/large-language-model-llmpowered-chatbots-fail-to-generate-guidelineconsistent-content-on-resuscitation-and-may-provide-potentially-harmful-advice/A5C656E31E741D5AB9881B1EA17F4309,2023.0,Prehospital and Disaster Medicine,"['AA Birkun', 'A Gautam']",google_scholar
Generative AI and Disinformation|(Generative) AI and Disinformation—Introduction,https://ijoc.org/index.php/ijoc/article/view/26088,2025.0,International Journal of Communication,"['A Farooq', 'C de Vreese']",google_scholar
Navigating the web of disinformation and misinformation: Large language models as double-edged swords,https://ieeexplore.ieee.org/abstract/document/10540581/,2024.0,IEEE …,"['SB Shah', 'S Thapa', 'A Acharya', 'K Rauniyar']",google_scholar
An Audit and Analysis of LLM-Assisted Health Misinformation Jailbreaks Against LLMs,https://ojs.aaai.org/index.php/AIES/article/view/36630,2025.0,… of the AAAI/ACM Conference on AI …,"['A Hussain', 'P Zhao', 'N Vincent']",google_scholar
Generative AI and Disinformation| Defining the Role (s) of AI in Disinformation Research—A Systematic Review,https://ijoc.org/index.php/ijoc/article/view/24780,2025.0,International Journal of Communication,"['MF Grub', 'E Humprecht']",google_scholar
Improving LLM-based opinion expression identification with dependency syntax,https://www.sciencedirect.com/science/article/pii/S0167865525002648,2025.0,Pattern Recognition Letters,"['Q Xu', 'P Guo', 'F Li', 'M Zhang', 'D Ji']",google_scholar
Silver lining in the fake news cloud: Can large language models help detect misinformation?,https://ieeexplore.ieee.org/abstract/document/10631663/,2024.0,IEEE Transactions on …,"['R Kumar', 'B Goddu', 'S Saha']",google_scholar
Generative AI and Disinformation| Unveiling Disinformation Narratives With AI: Collaborative Insights from Fact-Checkers and Computer Scientists' Work in Analyzing …,https://ijoc.org/index.php/ijoc/article/view/24778,2025.0,International Journal of …,"['I Larraz', 'R Salaverría', 'J Serrano-Puche']",google_scholar
Large-language-model-powered agent-based framework for misinformation and disinformation research: opportunities and open challenges,https://ieeexplore.ieee.org/abstract/document/10492674/,2024.0,IEEE Security & …,"['J Pastor-Galindo', 'P Nespoli']",google_scholar
"Automating untruths: ChatGPT, self-managed medication abortion, and the threat of misinformation in a post-Roe world",https://www.frontiersin.org/journals/digital-health/articles/10.3389/fdgth.2024.1287186/full,2024.0,Frontiers in Digital Health,"['HV McMahon', 'BD McMahon']",google_scholar
"Tripartite Intelligence: Synergizing Deep Neural Network, Large Language Model, and Human Intelligence for Public Health Misinformation Detection (Archival Full …",https://dl.acm.org/doi/abs/10.1145/3643562.3672613,2024.0,Proceedings of the …,"['Y Zhang', 'R Zong', 'L Shang', 'Z Yue', 'H Zeng']",google_scholar
Generative AI and Disinformation| A Beacon of Trustworthiness in a Sea of Disinformation: Does News Coverage About the Dangers of Generative AI Cause People to …,https://ijoc.org/index.php/ijoc/article/view/24773,2025.0,International Journal of …,"['T Dobber', 'M Hameleers', 'C Starke']",google_scholar
Detecting Health Misinformation by Leveraging LLM Models and Debunk List,https://dl.acm.org/doi/abs/10.1145/3721201.3725518,2025.0,Proceedings of the ACM …,"['M Rostami', 'KSMT Hossain', 'S Hawamdeh']",google_scholar
"Current safeguards, risk mitigation, and transparency measures of large language models against the generation of health disinformation: repeated cross sectional …",https://www.bmj.com/content/384/bmj-2023-078538.abstract,2024.0,bmj,"['BD Menz', 'NM Kuderer', 'S Bacchi', 'ND Modi', 'B Chin-Yee']",google_scholar
Misinformation and Generative AI: How Users Construe Their Sense of Diagnostic Misinformation,https://link.springer.com/chapter/10.1007/978-3-031-52569-8_9,2024.0,Artificial Misinformation: Exploring Human-Algorithm …,['D Shin'],google_scholar
The media literacy dilemma: can ChatGPT facilitate the discernment of online health misinformation?,https://www.frontiersin.org/journals/communication/articles/10.3389/fcomm.2024.1487213/full,2024.0,Frontiers in Communication,"['W Peng', 'J Meng', 'TW Ling']",google_scholar
Generative artificial intelligence and misinformation acceptance: An experimental test of the effect of forewarning about artificial intelligence hallucination,https://www.liebertpub.com/doi/abs/10.1089/cyber.2024.0407,2025.0,"Cyberpsychology, Behavior, and Social …","['Y Hwang', 'SH Jeong']",google_scholar
ChatGPT and vaccines: can AI chatbots boost awareness and uptake?,https://link.springer.com/article/10.1007/s10439-023-03305-y,2024.0,Annals of Biomedical …,"['SS Sohail', 'DØ Madsen', 'F Farhat', 'MA Alam']",google_scholar
Generative propaganda: Evidence of AI's impact from a state-backed disinformation campaign,https://academic.oup.com/pnasnexus/article-abstract/4/4/pgaf083/8097936,2025.0,PNAS nexus,"['M Wack', 'C Ehrett', 'D Linvill', 'P Warren']",google_scholar
"Using ChatGPT to fight misinformation: ChatGPT nails 72% of 12,000 verified claims",https://files.osf.io/v1/resources/qnjkf/providers/osfstorage/642b16668ef65b31d2429f1b?format=pdf&action=download&direct&version=1,2023.0,PsyArXiv. April,"['E Hoes', 'S Altay', 'J Bermeo']",google_scholar
An empirical investigation of the impact of ChatGPT on creativity,https://www.nature.com/articles/s41562-024-01953-1,2024.0,Nature Human Behaviour,"['BC Lee', 'J Chung']",google_scholar
How and for whom using generative AI affects creativity: A field experiment.,https://psycnet.apa.org/record/2026-29702-001,2025.0,Journal of Applied …,"['S Sun', 'ZA Li', 'MD Foo', 'J Zhou', 'JG Lu']",google_scholar
A framework for collaborating a large language model tool in brainstorming for triggering creative thoughts,https://www.sciencedirect.com/science/article/pii/S1871187125000045,2025.0,Thinking Skills and Creativity,"['HF Chang', 'T Li']",google_scholar
Can LLM-Powered Multi-Agent Systems Augment Human Creativity? Evidence from Brainstorming Tasks,https://dl.acm.org/doi/abs/10.1145/3715928.3737479,2025.0,Proceedings of the ACM Collective Intelligence …,"['K Fukumura', 'T Ito']",google_scholar
Supermind ideator: How scaffolding human-AI collaboration can increase creativity,https://dl.acm.org/doi/abs/10.1145/3643562.3672611,2024.0,… collective intelligence …,"['JL Heyman', 'SR Rick', 'G Giacomelli', 'H Wen']",google_scholar
The temperature feature of ChatGPT: modifying creativity for clinical research,https://humanfactors.jmir.org/2024/1/e53559/,2024.0,JMIR human …,"['J Davis', 'L Van Bulck', 'BN Durieux']",google_scholar
The effects of generative AI on collaborative problem-solving and team creativity performance in digital story creation: an experimental study,https://link.springer.com/article/10.1186/s41239-025-00526-0,2025.0,International Journal of Educational …,"['X Wei', 'L Wang', 'LK Lee', 'R Liu']",google_scholar
Towards human-AI-collaboration in brainstorming: Empirical insights into the perception of working with a generative AI,https://aisel.aisnet.org/ecis2023_rp/429/,2023.0,,"['L Memmert', 'N Tavanapour']",google_scholar
Human‐AI Co‐Creativity: Does ChatGPT Make Us More Creative?,https://onlinelibrary.wiley.com/doi/abs/10.1002/jocb.70022,2025.0,The Journal of …,"['K Medeiros', 'DH Cropley', 'RL Marrone']",google_scholar
The Impact of Generative AI on Creativity in Software Development: A Research Agenda,https://repository.tudelft.nl/record/uuid:654cc995-a65e-4b2b-b258-e52d8871e235,2025.0,,"['V JACKSON', 'B VASILESCU', 'D RUSSO', 'P RALPH']",google_scholar
Human creativity in the age of llms: Randomized experiments on divergent and convergent thinking,https://dl.acm.org/doi/abs/10.1145/3706598.3714198,2025.0,Proceedings of the 2025 …,"['H Kumar', 'J Vincentius', 'E Jordan']",google_scholar
Generative AI enhances individual creativity but reduces the collective diversity of novel content,https://www.science.org/doi/abs/10.1126/sciadv.adn5290,2024.0,Science advances,"['AR Doshi', 'OP Hauser']",google_scholar
AI and Creativity in Entrepreneurship Education: A Systematic Review of LLM Applications,https://www.mdpi.com/2673-2688/6/5/100,2025.0,AI,"['JH Park', 'SJ Kim', 'ST Lee']",google_scholar
Large Language Models show both individual and collective creativity comparable to humans,https://www.sciencedirect.com/science/article/pii/S1871187125001191,2025.0,… Skills and Creativity,"['L Sun', 'Y Yuan', 'Y Yao', 'Y Li', 'H Zhang', 'X Xie']",google_scholar
AI and the Future of Collaborative Work: Group Ideation with an LLM in a Virtual Canvas,https://dl.acm.org/doi/abs/10.1145/3663384.3663398,2024.0,Proceedings of the 3rd …,"['J He', 'S Houde', 'GE Gonzalez', 'DA Silva Moran']",google_scholar
""" It Felt Like Having a Second Mind"": Investigating Human-AI Co-creativity in Prewriting with Large Language Models",https://dl.acm.org/doi/abs/10.1145/3637361,2024.0,Proceedings of the ACM on …,"['Q Wan', 'S Hu', 'Y Zhang', 'P Wang', 'B Wen']",google_scholar
How ai processing delays foster creativity: Exploring research question co-creation with an llm-based agent,https://dl.acm.org/doi/abs/10.1145/3613904.3642698,2024.0,Proceedings of the …,"['Y Liu', 'S Chen', 'H Cheng', 'M Yu', 'X Ran', 'A Mo']",google_scholar
Homogenizing effect of large language model on creativity: An empirical comparison of human and ChatGPT writing,https://search.proquest.com/openview/415b41c47f0e5e98b417656339ac1c89/1?pq-origsite=gscholar&cbl=18750&diss=y,2024.0,,['K Moon'],google_scholar
The cybernetic teammate: A field experiment on generative AI reshaping teamwork and expertise,https://www.nber.org/papers/w33641,2025.0,,"[""F Dell'Acqua"", 'C Ayoubi', 'H Lifshitz', 'R Sadun', 'E Mollick']",google_scholar
"How AI ideas affect the creativity, diversity, and evolution of human ideas: evidence from a large, dynamic experiment",https://dl.acm.org/doi/abs/10.1145/3715928.3737481,2025.0,… collective intelligence …,"['J Ashkinaze', 'J Mendelsohn', 'L Qiwei', 'C Budak']",google_scholar
Managing the creative frontier of generative AI: The novelty-usefulness tradeoff,https://papers.ssrn.com/sol3/papers.cfm?abstract_id=4469983,2023.0,California Management Review,"['A Mukherjee', 'H Chang']",google_scholar
Effects of ChatGPT use on undergraduate students' creativity: a threat to creative thinking?,https://link.springer.com/article/10.1007/s44163-024-00172-x,2024.0,Discover Artificial Intelligence,"['RB Toma', 'I Yánez-Pérez']",google_scholar
ChatGPT decreases idea diversity in brainstorming,https://www.nature.com/articles/s41562-025-02173-x,2025.0,Nature human behaviour,"['L Meincke', 'G Nave', 'C Terwiesch']",google_scholar
"If ChatGPT can do it, where is my creativity? generative AI boosts performance but diminishes experience in creative writing",https://www.sciencedirect.com/science/article/pii/S2949882125000246,2025.0,Computers in Human …,"['P Mei', 'DN Brewis', 'F Nwaiwu', 'D Sumanathilaka']",google_scholar
Creative scar without generative AI: Individual creativity fails to sustain while homogeneity keeps climbing,https://www.sciencedirect.com/science/article/pii/S0160791X25002775,2025.0,Technology in Society,"['Y Zhou', 'Q Liu', 'J Huang', 'G Li']",google_scholar
A map of exploring human interaction patterns with LLM: Insights into collaboration and creativity,https://link.springer.com/chapter/10.1007/978-3-031-60615-1_5,2024.0,International conference on human-computer …,"['J Li', 'J Li', 'Y Su']",google_scholar
When ChatGPT Writes Your Research Proposal: Scientific Creativity in the Age of Generative AI,https://www.mdpi.com/2079-3200/13/5/55,2025.0,Journal of Intelligence,"['V Eymann', 'T Lachmann', 'D Czernochowski']",google_scholar
Stimulating Brainstorming Activities with Generative AI in Higher Education,https://ieeexplore.ieee.org/abstract/document/11016340/,2025.0,2025 IEEE Global Engineering …,"['J La Scala', 'S Sahli', 'D Gillet']",google_scholar
Is Chatgpt a menace for creative writing ability? An experiment,https://onlinelibrary.wiley.com/doi/abs/10.1111/jcal.12929,2024.0,Journal of computer …,"['AC Niloy', 'S Akter', 'N Sultana', 'J Sultana']",google_scholar
AI4Design: A generative AI-based system to improve creativity in design–A field evaluation,https://www.sciencedirect.com/science/article/pii/S2666920X25000414,2025.0,Computers and Education …,"['L Abrusci', 'K Dabaghi', ""S D'Urso"", 'F Sciarrone']",google_scholar
Groups and AI: How Access to Generative AI Influences Creative Teamwork,https://dl.acm.org/doi/abs/10.1145/3743049.3743073,2025.0,Proceedings of the …,"['PM Preuschoff', 'R Zaghal', 'O Nowak']",google_scholar
Large language model in creative work: The role of collaboration modality and user expertise,https://pubsonline.informs.org/doi/abs/10.1287/mnsc.2023.03014,2024.0,Management Science,"['Z Chen', 'J Chan']",google_scholar
Generating creativity through ChatGPT: an empirical investigation in open innovation platforms,https://link.springer.com/article/10.1007/s10799-025-00454-5,2025.0,Information Technology and …,"['L Yongjun', 'L Xinyue', 'W Lizheng']",google_scholar
Is artificial intelligence more creative than humans?: ChatGPT and the divergent association task,https://learningletters.org/index.php/learn/article/view/13,2023.0,Learning Letters,['D Cropley'],google_scholar
Art or artifice? large language models and the false promise of creativity,https://dl.acm.org/doi/abs/10.1145/3613904.3642731,2024.0,Proceedings of the …,"['T Chakrabarty', 'P Laban', 'D Agarwal']",google_scholar
Can ChatGPT enhance business student creativity? Evidence from a randomised controlled trial,https://www.tandfonline.com/doi/abs/10.1080/03075079.2025.2515512,2025.0,Studies in Higher …,"['R Fisher', 'T Gogan', 'J Williams', 'R Laferriere']",google_scholar
Creativity support in the age of large language models: An empirical study involving professional writers,https://dl.acm.org/doi/abs/10.1145/3635636.3656201,2024.0,… on Creativity & …,"['T Chakrabarty', 'V Padmakumar', 'F Brahman']",google_scholar
ChatGPT and the future of academic writing: Enhancing productivity and creativity,https://jecir.com/index.php/jecir/article/view/4,2025.0,Journal of Engineering and …,"['M Afzal', 'N Arshad', 'A Shaheen']",google_scholar
One does not simply meme alone: Evaluating co-creativity between LLMs and humans in the generation of humor,https://dl.acm.org/doi/abs/10.1145/3708359.3712094,2025.0,… of the 30th International Conference on …,"['Z Wu', 'T Weber', 'F Müller']",google_scholar
Unlocking creativity with artificial intelligence (AI): Field and experimental evidence on the Goldilocks (curvilinear) effect of human–AI collaboration.,https://psycnet.apa.org/record/2026-72026-001,2025.0,Journal of Experimental Psychology: General,['HCB Huang'],google_scholar
Homogenization effects of large language models on human creative ideation,https://dl.acm.org/doi/abs/10.1145/3635636.3656204,2024.0,… the 16th conference on creativity …,"['BR Anderson', 'JH Shah', 'M Kreminski']",google_scholar
Generative AI as a disrupter of creativity,https://www.elgaronline.com/edcollchap/book/9781035326020/book-part-9781035326020-19.xml,2025.0,Generative AI in Higher Education,"['AH Clark', 'K Denman']",google_scholar
The crowdless future? Generative AI and creative problem-solving,https://pubsonline.informs.org/doi/abs/10.1287/orsc.2023.18430,2024.0,Organization …,"['L Boussioux', 'JN Lane', 'M Zhang']",google_scholar
“The Cat Sat on the…?” Why Generative AI Has Limited Creativity,https://onlinelibrary.wiley.com/doi/abs/10.1002/jocb.70077,2025.0,The Journal of Creative Behavior,['DH Cropley'],google_scholar
The current state of artificial intelligence generative language models is more creative than humans on divergent thinking tasks,https://www.nature.com/articles/s41598-024-53303-w,2024.0,Scientific Reports,"['KF Hubert', 'KN Awa', 'DL Zabelina']",google_scholar
The Metrics That Matter: Rethinking How We Measure Co-Creation with Generative AI for Creative Writing,https://repositories.lib.utexas.edu/items/b0d13574-4de8-45d7-967a-f1deb50470f4,2025.0,,['R Cyriac'],google_scholar
Brainstorming with a Generative Language Model: Understanding Performance Through Brainstorming Group Effects,https://aisel.aisnet.org/ecis2024/track06_humanaicollab/track06_humanaicollab/1/,2024.0,,['L Memmert'],google_scholar
The role of generative AI in human creative processes: Experimental evidence,https://papers.ssrn.com/sol3/papers.cfm?abstract_id=4676053,2023.0,Available at SSRN 4676053,"['F Zhu', 'W Zou']",google_scholar
Homogenizing effect of large language models (LLMs) on creative diversity: An empirical comparison of human and ChatGPT writing,https://www.sciencedirect.com/science/article/pii/S294988212500091X,2025.0,Computers in Human Behavior: Artificial …,"['K Moon', 'AE Green', 'K Kushlev']",google_scholar
Piecing together teamwork: A responsible approach to an LLM-based educational jigsaw agent,https://dl.acm.org/doi/abs/10.1145/3706598.3713349,2025.0,Proceedings of the …,"['E Doherty', 'EM Perkoff', 'S von Bayern', 'R Zhang']",google_scholar
A Study on the Influence of CHATGPT Usage on Human Cognitive Thinking and Creativity.,https://search.ebscohost.com/login.aspx?direct=true&profile=ehost&scope=site&authtype=crawler&jrnl=09701052&AN=180917641&h=d8XgHcFx4Dz5ohvtR58XMz5LzvUdbESxcHV4hr6FZfdt63V8pXI%2F7z0Sk43Bx3BDef%2B5x7BW2xuYqYYS9tY0CQ%3D%3D&crl=c,2024.0,Library of Progress-Library Science …,"['A Swaraj', 'P Chavan']",google_scholar
"Who Is the Best Helper for University Students' Mathematical Creativity? A Quasi‐Experimental Study of Human–ChatGPT, Human–Google, and Human–Human Co …",https://onlinelibrary.wiley.com/doi/abs/10.1002/cae.70100,2025.0,Computer Applications in …,"['Z Liu', 'H Zuo', 'J Feng', 'Y Lu']",google_scholar
CharacterMeet: Supporting creative writers' entire story character construction processes through conversation with LLM-powered chatbot avatars,https://dl.acm.org/doi/abs/10.1145/3613904.3642105,2024.0,… of the 2024 CHI Conference on …,"['HX Qin', 'S Jin', 'Z Gao', 'M Fan', 'P Hui']",google_scholar
Artificial muses: Generative artificial intelligence chatbots have risen to human-level creativity,https://www.sciencedirect.com/science/article/pii/S2713374523000250,2023.0,Journal of Creativity,"['J Haase', 'PHP Hanel']",google_scholar
Inspiration booster or creative fixation? The dual mechanisms of LLMs in shaping individual creativity in tasks of different complexity,https://www.nature.com/articles/s41599-025-05867-9,2025.0,Humanities and Social Sciences Communications,"['X Cheng', 'L Zhang']",google_scholar
"Can ChatGPT be an author? Generative AI creative writing assistance and perceptions of authorship, creatorship, responsibility, and disclosure",https://link.springer.com/article/10.1007/s00146-024-02081-0,2025.0,Ai & Society,"['P Formosa', 'S Bankins', 'R Matulionyte', 'O Ghasemi']",google_scholar
"Writing, creativity, and artificial intelligence: ChatGPT in the university context.",https://eric.ed.gov/?id=EJ1407056,2023.0,Comunicar: Media …,"['MI de Vicente-Yagüe-Jara', 'O López-Martínez']",google_scholar
Structured Creativity: Enhancing Business Model Innovation with Generative AI,https://link.springer.com/chapter/10.1007/978-3-031-93979-2_13,2025.0,… Conference on Design …,"['C Scheiber', 'TP Böttcher', 'E Fielt']",google_scholar
Large language Model AI guided creative writing Co-creation in secondary schools,https://www.tandfonline.com/doi/abs/10.1080/00405841.2025.2528551,2025.0,Theory Into Practice,"['T Spitsberg', 'T Kettler', 'J McKamie']",google_scholar
Chatbot development using langchain: a case study to foster critical thinking and creativity,https://dl.acm.org/doi/abs/10.1145/3649217.3653557,2024.0,Proceedings of the 2024 on Innovation and …,"['L Farinetti', 'L Canale']",google_scholar
Creativity in the AI Era: Humans vs. ChatGPT in Unprompted Playful Language Tasks.,https://search.ebscohost.com/login.aspx?direct=true&profile=ehost&scope=site&authtype=crawler&jrnl=26326779&AN=185336779&h=Cu8JJD%2FrZyD%2BkhS0%2FRpEl6Q6U3t36soJG0W%2F2iVtEkTPPvAyFkCrdQE0nNSE4zrqG5wnObEYHUksX0NG7ssPQw%3D%3D&crl=c,2025.0,International Journal of TESOL Studies,['TB Tin'],google_scholar
Integrating Generative AI Into Design Thinking: Assessing Impact on Creativity and Innovation in STEM Education,https://ieeexplore.ieee.org/abstract/document/11016312/,2025.0,2025 IEEE Global …,"['GM Chans', 'C Merino-Soto', 'SS Chávez']",google_scholar
Designing Interactions with Generative AI for Art and Creativity: A Systematic Review and Taxonomy,https://dl.acm.org/doi/abs/10.1145/3715336.3735843,2025.0,Proceedings of the …,"['X Hu', 'Y Xing', 'X Cai', 'Y Zhao', 'M Cook', 'R Borgo']",google_scholar
How generative AI can augment human creativity,https://papers.ssrn.com/sol3/papers.cfm?abstract_id=4759930,2023.0,Harvard Business …,"['T Eapen', 'DJ Finkenstadt', 'J Folk']",google_scholar
How AI is Reshaping Creativity: DeepSeek vs ChatGPT Plus in LEGO® SERIOUS PLAY®,https://link.springer.com/chapter/10.1007/978-3-032-01429-0_7,2025.0,… Conference on the Ethical and Social …,"['A Almeida', 'D Meyerson', 'I Almeida']",google_scholar
Can artificial intelligence support creativity in early design processes?,https://journals.sagepub.com/doi/abs/10.1177/14780771241254637,2025.0,International journal of …,"['T Chandrasekera', 'Z Hosseini']",google_scholar
The paradox of artificial creativity: Challenges and opportunities of generative AI artistry,https://www.tandfonline.com/doi/abs/10.1080/10400419.2024.2354622,2025.0,Creativity Research Journal,['MB Garcia'],google_scholar
On the creativity of large language models,https://link.springer.com/article/10.1007/s00146-024-02127-3,2025.0,AI & society,"['G Franceschelli', 'M Musolesi']",google_scholar
Artificial intelligence & creativity: A manifesto for collaboration,https://onlinelibrary.wiley.com/doi/abs/10.1002/jocb.597,2023.0,The Journal of …,"['F Vinchon', 'T Lubart', 'S Bartolotta']",google_scholar
Hybrid ideas of artificial intelligence and human: Growth of creativity in college educational programs.,https://psycnet.apa.org/record/2025-87867-001,2025.0,"Psychology of Aesthetics, Creativity, and the Arts",['L Li'],google_scholar
Exploring Poetic Creativity in Large Language Models: A Dynamic Multi-Agent Framework for Poem Generation,https://www.techrxiv.org/doi/full/10.36227/techrxiv.172349511.19939559,2024.0,Authorea Preprints,"['S Weatherby', 'N Ashbourne', 'J Palmerston']",google_scholar
The Effects of (Dis) similarities Between the Creator and the Assessor on Assessing Creativity: A Comparison of Humans and LLMs,https://www.mdpi.com/2079-3200/13/7/80,2025.0,Journal of Intelligence,"[""M op 't Hof"", 'K Hu', 'S Tong', 'H Bai']",google_scholar
“Augmented Brainstorming with AI”–Research Approach for Identifying Design Criteria for Improved Collaborative Idea Generation Between Humans and AI,https://ebooks.iospress.nl/volumearticle/63361,2023.0,HHAI 2023: Augmenting …,"['L Schmidt', 'A Piazza']",google_scholar
Switching perspectives on generative artificial intelligence: A design view for humans-generative AI co-creativity,https://minesparis-psl.hal.science/hal-04520521/document,2024.0,R&D Management …,"['A Bordas', 'P Le Masson', 'B Weil']",google_scholar
Enhancing novelty in chatgpt responses: Incorporating random word brainstorming,https://dl.acm.org/doi/abs/10.1145/3628454.3628456,2023.0,Proceedings of the 13th …,"['P Taveekitworachai', 'R Thawonmas']",google_scholar
Enhancing designer creativity through human–AI co-ideation: a co-creation framework for design ideation with custom GPT,https://www.cambridge.org/core/journals/ai-edam/article/enhancing-designer-creativity-through-humanai-coideation-a-cocreation-framework-for-design-ideation-with-custom-gpt/BCC2CBE43EECE6F0D937BBC0D2F44868,2025.0,AI EDAM,"['P Wang', 'Y Khinvasara', 'GJ Creijghton', 'T Scholing']",google_scholar
AI plus other technologies? The impact of ChatGPT and creativity support systems on individual creativity,https://aisel.aisnet.org/icis2023/aiinbus/aiinbus/1/,2023.0,,"['Y Tao', 'C Yoo', 'A Animesh']",google_scholar
Enhancing work productivity through generative artificial intelligence: A comprehensive literature review,https://www.mdpi.com/2071-1050/16/3/1166,2024.0,Sustainability,"['H Al Naqbi', 'Z Bahroun', 'V Ahmed']",google_scholar
Generative AI in the Workplace: Effects on Employee Efficiency and Performance,https://aaltodoc.aalto.fi/items/7861009a-7714-4c9b-8141-81b82c21477f,2024.0,,['R Keltanen'],google_scholar
Experimental evidence on the productivity effects of generative artificial intelligence,https://www.science.org/doi/abs/10.1126/science.adh2586,2023.0,Science,"['S Noy', 'W Zhang']",google_scholar
AI Assistants in the Workplace: Goal-Oriented Recommendations Using LLM,https://revistaaihc.mx/index.php/aihc/article/view/140,2024.0,Avances en …,"['R Perera', 'C Gendron', 'C Delgado']",google_scholar
""" If the machine is as good as me, then what use am I?""–How the use of ChatGPT changes young professionals' perception of productivity and accomplishment",https://dl.acm.org/doi/abs/10.1145/3613904.3641964,2024.0,Proceedings of the …,"['C Kobiella', 'YS Flores López', 'F Waltenberger']",google_scholar
Generative AI and Essay Writing: Impacts of Automated Feedback on Revision Performance and Engagement.,https://eric.ed.gov/?id=EJ1459877,2024.0,Reflections,"['S Chan', 'N Lo', 'A Wong']",google_scholar
Generative AI: driving productivity and scientific breakthroughs in pharmaceutical R&D,https://www.sciencedirect.com/science/article/pii/S1359644624003970,2025.0,Drug Discovery Today,"['G Doron', 'S Genway', 'M Roberts', 'S Jasti']",google_scholar
Effectiveness of LLM-based AI Assistance for small business productivity,https://www.researchsquare.com/article/rs-6481789/latest,2025.0,,"['A Sinayev', 'C Courtney']",google_scholar
Investigating a customized generative AI chatbot for automated essay scoring in a disciplinary writing task,https://www.sciencedirect.com/science/article/pii/S1075293525000467,2025.0,Assessing Writing,"['G Lan', 'Y Li', 'J Yang', 'X He']",google_scholar
ChatGPT on ChatGPT: An exploratory analysis of its performance in the public sector workplace,https://dl.acm.org/doi/abs/10.1145/3676281,2025.0,… : Research and Practice,"['J Wang', 'E Kiran', 'SR Aurora', 'M Simeone']",google_scholar
Change is always permanent: the role of ChatGPT on knowledge workers' productivity and innovative behavior,https://www.emerald.com/jkm/article-abstract/doi/10.1108/JKM-01-2025-0091/1299995,2025.0,Journal of Knowledge …,"['Q Amber', 'MS Sumbal', 'YP Tsang', 'A Papa']",google_scholar
ChatGPT and Beyond: Exploring the Responsible Use of Generative AI in the Workplace: M. Söllner et al.,https://link.springer.com/article/10.1007/s12599-025-00932-8,2025.0,Business & Information …,"['M Söllner', 'T Arnold', 'A Benlian', 'U Bretschneider']",google_scholar
Advancements and Applications of Generative Artificial Intelligence and show the Experimental Evidence on the Productivity Effects using Generative Artificial …,https://philpapers.org/rec/SAKAAA-5,2023.0,,['S Sakshi'],google_scholar
"Take it, leave it, or fix it: Measuring productivity and trust in human-ai collaboration",https://dl.acm.org/doi/abs/10.1145/3640543.3645198,2024.0,Proceedings of the 29th International Conference on …,"['C Qian', 'J Wexler']",google_scholar
The impact of generative AI on employment and labor productivity,https://search.proquest.com/openview/ef4a16ccdd3ada374a981a60edf32f2a/1?pq-origsite=gscholar&cbl=36534,2024.0,Review of Business,"['J Yu', 'C Qi']",google_scholar
Measuring the impact of AI on information worker productivity,https://papers.ssrn.com/sol3/papers.cfm?abstract_id=4648686,2023.0,Available at SSRN 4648686,"['BG Edelman', 'D Ngwe', 'S Peng']",google_scholar
Transforming boundaries: how does ChatGPT change knowledge work?,https://www.emerald.com/jbs/article/45/3/214/191219,2024.0,Journal of Business Strategy,"['P Ritala', 'M Ruokonen', 'L Ramaul']",google_scholar
Trusting in generative AI: Catalyst for employee performance and engagement in the workplace,https://www.tandfonline.com/doi/abs/10.1080/10447318.2024.2388482,2025.0,International Journal of …,"['F Marimon', 'M Mas-Machuca']",google_scholar
When Efficiency Meets Fulfillment: Understanding Long-Term LLM Integration in Knowledge Work,https://dl.acm.org/doi/abs/10.1145/3729176.3729180,2025.0,Proceedings of the 4th …,"['C Kobiella', 'T Mitrevska', 'A Schmidt']",google_scholar
Enhancing Trust in LLM Chatbots for Workplace Support Through User Experience Design and Prompt Engineering,https://books.google.com/books?hl=en&lr=&id=8WYREQAAQBAJ&oi=fnd&pg=PA139&dq=(%22LLM%22+OR+%22large+language+model%22+OR+%22generative+AI%22+OR+%22ChatGPT%22+OR+%22AI+chatbot%22)+AND+(%22productivity%22+OR+%22workplace%22+OR+%22knowledge+work%22+OR+%22task+performance%22+OR+%22professional+writing%22+OR+%22writing+task%22+OR+%22essay+writing%22+OR+%22writing+assistant%22+OR+%22writing+assistance%22+OR+%22writing+skills%22+OR+%22cognitive+load%22+OR+%22cognitive+debt%22+OR+%22metacognition%22+OR+%22metacognitive%22+OR+%22self-regulated+learning%22+OR+%22learning+outcomes%22+OR+%22learning+engagement%22+OR+%22student+engagement%22+OR+%22academic+engagement%22+OR+%22AI+tutor%22+OR+%22tutor%22+OR+%22homework+tutor%22+OR+%22mathematics%22+OR+%22high+school+math%22+OR+%22programming%22+OR+%22programming+assignment%22+OR+%22compiler+error%22+OR+%22automated+assessment%22+OR+%22feedback%22+OR+%22reading+comprehension%22+OR+%22note-taking%22+OR+%22memory+retention%22+OR+%22critical+thinking%22+OR+%22higher+education%22+OR+%22EFL+writing%22+OR+%22assistive+technology%22+OR+%22visual+disability%22+OR+%22GitHub+Copilot%22+OR+%22Copilot%22)&ots=NBGVzDYajU&sig=PmlbT9qJ8B65ITSbILPFRJBNAS4,2024.0,The Human Side of …,"['Z Gong', 'S Birajdar', 'T Cao', 'YQ Khoo']",google_scholar
Can generative artificial intelligence productivity tools support workplace learning? A qualitative study on employee perceptions in a multinational corporation,https://www.emerald.com/insight/content/doi/10.1108/jwl-11-2024-0258/full/html,2025.0,Journal of Workplace Learning,"['TC Callari', 'L Puppione']",google_scholar
Generative AI for Productivity in Industry and Education.,https://www.researchgate.net/profile/Ali-Emrouznejad/publication/379909992_COMPLEXIS_2024_Proceedings_of_the_9th_International_Conference_on_Complexity_Future_Information_Systems_and_Risk/links/662186f0f7d3fc28746d02b0/COMPLEXIS-2024-Proceedings-of-the-9th-International-Conference-on-Complexity-Future-Information-Systems-and-Risk.pdf#page=139,2024.0,COMPLEXIS,"['F Héjja', 'T Bartók', 'R Dakroub', 'G Kocsis']",google_scholar
The role of generative ai in software development productivity: A pilot case study,https://dl.acm.org/doi/abs/10.1145/3664646.3664773,2024.0,Proceedings of the 1st …,"['M Coutinho', 'L Marques', 'A Santos', 'M Dahia']",google_scholar
Assessing the Impact of ChatGPT on EFL Students' Writing Productivity and Proficiency,https://search.proquest.com/openview/35665f25b9bef7188aa4640c6b78843a/1?pq-origsite=gscholar&cbl=136091,2025.0,Journal of Language Teaching …,"['MA Alwasidi', 'KS Al-Khalifah']",google_scholar
Generative ai in knowledge work: Design implications for data navigation and decision-making,https://dl.acm.org/doi/abs/10.1145/3706598.3713337,2025.0,Proceedings of the 2025 …,"['B Yun', 'D Feng', 'AS Chen', 'A Nikzad']",google_scholar
Enhancing efficiency in scientific writing in the field of plant growing: Collaborating with AI assistant ChatGPT for enhanced productivity.,https://search.ebscohost.com/login.aspx?direct=true&profile=ehost&scope=site&authtype=crawler&jrnl=23675144&AN=174270159&h=9u7t6p2mNeKpN7MPrLQKdPxRTk%2Fxq3653nEe5B5s3XzwI4hG%2F4VZkM07sdya8QX%2FBY1GMxbpzWANkfc1xj0eig%3D%3D&crl=c,2023.0,Acta Scientifica Naturalis,['P Chamurliyski'],google_scholar
From virtual assistant to writing mentor: Exploring the impact of a ChatGPT-based writing instruction protocol on EFL teachers' self-efficacy and learners' writing skill,https://journals.sagepub.com/doi/abs/10.1177/13621688241239764,2024.0,Language Teaching …,"['M Ghafouri', 'J Hassaskhah']",google_scholar
Effects of generative artificial intelligence on cognitive effort and task performance: study protocol for a randomized controlled experiment among college students,https://link.springer.com/article/10.1186/s13063-025-08950-3,2025.0,Trials,"['Y Chen', 'Y Wang', 'T Wüstenberg', 'RF Kizilcec', 'Y Fan']",google_scholar
HELP ME CHATGPT! WHAT WAYS DOES CHATGPT INFLUENCE STUDENTS'PRODUCTIVITY AND CREATIVITY IN ENGLISH ACADEMIC WRITING?,http://ojs.jurnalbk.com/index.php/educatum/article/view/65,2024.0,EDUCATUM: Scientific Journal …,"['W Sudrajad', 'MH Fikri', 'RPB Putra']",google_scholar
"The value, benefits, and concerns of generative ai-powered assistance in writing",https://dl.acm.org/doi/abs/10.1145/3613904.3642625,2024.0,Proceedings of the 2024 CHI Conference …,"['Z Li', 'C Liang', 'J Peng', 'M Yin']",google_scholar
Interacting with ChatGPT in essay writing: A study of L2 learners' task motivation,https://www.cambridge.org/core/journals/recall/article/interacting-with-chatgpt-in-essay-writing-a-study-of-l2-learners-task-motivation/720D0AD1F515BDD36E44713A73B8EF3D,2025.0,ReCALL,"['J Zare', 'A Al-Issa', 'FR Madiseh']",google_scholar
"Unleashing pre-service language teachers' productivity with generative AI: Emotions, appraisal and coping strategies",https://www.sciencedirect.com/science/article/pii/S0747563224002851,2024.0,Computers in Human Behavior,"['H Yin', 'C Wang', 'Z Liu']",google_scholar
"Learning, teaching, and assessment with generative artificial intelligence: towards a plateau of productivity",https://www.tandfonline.com/doi/full/10.1080/23735082.2023.2264086,2023.0,Learning: Research and Practice,"['E Koh', 'S Doroudi']",google_scholar
'I'm Categorizing LLM as a Productivity Tool': Examining Ethics of LLM Use in HCI Research Practices,https://dl.acm.org/doi/abs/10.1145/3711000,2025.0,Proceedings of the ACM on …,"['S Kapania', 'R Wang', 'TJJ Li', 'T Li', 'H Shen']",google_scholar
Generative AI in education: To embrace it or not?,https://www.ijabe.org/index.php/ijabe/article/view/8486/0,2023.0,International Journal of Agricultural and …,"['SA Okaiyeto', 'J Bai', 'H Xiao']",google_scholar
Human-generative AI collaboration enhances task performance but undermines human's intrinsic motivation,https://www.nature.com/articles/s41598-025-98385-2,2025.0,Scientific Reports,"['S Wu', 'Y Liu', 'M Ruan', 'S Chen', 'XY Xie']",google_scholar
AscleAI: A LLM-based clinical note management system for enhancing clinician productivity,https://dl.acm.org/doi/abs/10.1145/3613905.3650784,2024.0,Extended Abstracts of the CHI …,"['J Han', 'J Park', 'J Huh', 'U Oh', 'J Do', 'D Kim']",google_scholar
Analyzing the role of ChatGPT as a writing assistant at higher education level: A systematic review of the literature,https://www.cedtech.net/article/analyzing-the-role-of-chatgpt-as-a-writing-assistant-at-higher-education-level-a-systematic-review-13605,2023.0,Contemporary Educational Technology,"['M Imran', 'N Almusharraf']",google_scholar
Dear Diary: A randomized controlled trial of Generative AI coding tools in the workplace,https://ieeexplore.ieee.org/abstract/document/11121735/,2025.0,2025 IEEE/ACM 47th …,"['J Butler', 'J Suh', 'S Haniyur']",google_scholar
EFL secondary students' use of ChatGPT for writing task completion pathways,https://www.tandfonline.com/doi/abs/10.1080/00220671.2025.2510382,2025.0,The Journal of Educational Research,"['DJ Woo', 'K Guo', 'H Susanto']",google_scholar
Ironies of generative AI: understanding and mitigating productivity loss in Human-AI interaction,https://www.tandfonline.com/doi/abs/10.1080/10447318.2024.2405782,2025.0,… Journal of Human …,"['A Simkute', 'L Tankelevitch', 'V Kewenig']",google_scholar
AI in the workplace: Examining the effects of ChatGPT on information support and knowledge acquisition,https://www.tandfonline.com/doi/abs/10.1080/10447318.2023.2278283,2024.0,International Journal of Human–Computer …,"['H Jo', 'DH Park']",google_scholar
ChatGPT-3.5 as writing assistance in students' essays,https://www.nature.com/articles/s41599-023-02269-7,2023.0,Humanities and social …,"['Ž Bašić', 'A Banovac', 'I Kružić', 'I Jerković']",google_scholar
Understanding the impact of an organisational LLM agent on the collaborative practices of knowledge work,https://www.researchsquare.com/article/rs-7601582/latest,2025.0,,"[""K O'Hara"", 'M Massimi', 'M Khan']",google_scholar
Human-artificial intelligence collaboration in the modern workplace: Maximizing productivity and transforming job roles,https://papers.ssrn.com/sol3/papers.cfm?abstract_id=5057414,2024.0,Available at SSRN 5057414,['D Patil'],google_scholar
Enhancing Writing Skills through ChatGPT: an Experimental Study in the Context of Ergonomics,https://www.ceeol.com/search/article-detail?id=1222879,2024.0,Limbaj si Context,"['A Arora', 'NK Mehta']",google_scholar
Conversational artificial intelligence in the workplace: Analysing the impact of ChatGPT on users' perceived self-efficacy,https://ieeexplore.ieee.org/abstract/document/10551239/,2024.0,2024 2nd International Conference on …,"['KP Patil', 'D Pramod']",google_scholar
Performance of large language models ChatGPT and Gemini on workplace management questions in radiology,https://www.mdpi.com/2075-4418/15/4/497,2025.0,Diagnostics,"['P Leutz-Schmidt', 'V Palm', 'RM Mathy', 'M Grözinger']",google_scholar
From efficiency to innovation: Llm 5.0 and the future of industry,https://ieeexplore.ieee.org/abstract/document/10894335/,2025.0,… Conference on Multi …,"['PK Gantayat', 'T Kaur', 'M Majhi']",google_scholar
The AI Revolution in Project Management: Elevating Productivity with Generative AI,https://books.google.com/books?hl=en&lr=&id=sXriEAAAQBAJ&oi=fnd&pg=PT14&dq=(%22LLM%22+OR+%22large+language+model%22+OR+%22generative+AI%22+OR+%22ChatGPT%22+OR+%22AI+chatbot%22)+AND+(%22productivity%22+OR+%22workplace%22+OR+%22knowledge+work%22+OR+%22task+performance%22+OR+%22professional+writing%22+OR+%22writing+task%22+OR+%22essay+writing%22+OR+%22writing+assistant%22+OR+%22writing+assistance%22+OR+%22writing+skills%22+OR+%22cognitive+load%22+OR+%22cognitive+debt%22+OR+%22metacognition%22+OR+%22metacognitive%22+OR+%22self-regulated+learning%22+OR+%22learning+outcomes%22+OR+%22learning+engagement%22+OR+%22student+engagement%22+OR+%22academic+engagement%22+OR+%22AI+tutor%22+OR+%22tutor%22+OR+%22homework+tutor%22+OR+%22mathematics%22+OR+%22high+school+math%22+OR+%22programming%22+OR+%22programming+assignment%22+OR+%22compiler+error%22+OR+%22automated+assessment%22+OR+%22feedback%22+OR+%22reading+comprehension%22+OR+%22note-taking%22+OR+%22memory+retention%22+OR+%22critical+thinking%22+OR+%22higher+education%22+OR+%22EFL+writing%22+OR+%22assistive+technology%22+OR+%22visual+disability%22+OR+%22GitHub+Copilot%22+OR+%22Copilot%22)&ots=mPi3T2H63w&sig=-6O1Ao_gl3-bZCeBCJTFE6XfzxI,2023.0,,['V Kanabar'],google_scholar
Exploring the productivity impacts of generative ai in organizations,https://link.springer.com/chapter/10.1007/978-3-031-72234-9_9,2024.0,"Conference on e-Business, e-Services and e …","['B Semujanga', 'P Mikalef']",google_scholar
A Systematic Literature Review on the Use of ChatGPT to Support Productivity of Software Developers,https://aisel.aisnet.org/amcis2025/sig_odis/sig_odis/17/,2025.0,,"['S Ebrahim', 'M Tanner']",google_scholar
Usability of ChatGPT in the english essay writing proficiency of the BEED students,https://jse.rezkimedia.org/index.php/jse/article/view/338,2024.0,Journal of Science …,"['KA Aglibot', 'EM Tomines', 'J Talaman']",google_scholar
Generative AI and Multifactor Productivity in Business,https://books.google.com/books?hl=en&lr=&id=n-UEEQAAQBAJ&oi=fnd&pg=PR1&dq=(%22LLM%22+OR+%22large+language+model%22+OR+%22generative+AI%22+OR+%22ChatGPT%22+OR+%22AI+chatbot%22)+AND+(%22productivity%22+OR+%22workplace%22+OR+%22knowledge+work%22+OR+%22task+performance%22+OR+%22professional+writing%22+OR+%22writing+task%22+OR+%22essay+writing%22+OR+%22writing+assistant%22+OR+%22writing+assistance%22+OR+%22writing+skills%22+OR+%22cognitive+load%22+OR+%22cognitive+debt%22+OR+%22metacognition%22+OR+%22metacognitive%22+OR+%22self-regulated+learning%22+OR+%22learning+outcomes%22+OR+%22learning+engagement%22+OR+%22student+engagement%22+OR+%22academic+engagement%22+OR+%22AI+tutor%22+OR+%22tutor%22+OR+%22homework+tutor%22+OR+%22mathematics%22+OR+%22high+school+math%22+OR+%22programming%22+OR+%22programming+assignment%22+OR+%22compiler+error%22+OR+%22automated+assessment%22+OR+%22feedback%22+OR+%22reading+comprehension%22+OR+%22note-taking%22+OR+%22memory+retention%22+OR+%22critical+thinking%22+OR+%22higher+education%22+OR+%22EFL+writing%22+OR+%22assistive+technology%22+OR+%22visual+disability%22+OR+%22GitHub+Copilot%22+OR+%22Copilot%22)&ots=WTy38qYYGj&sig=ngbvNcrcNr7P7QUcXo28mT1K2KY,2024.0,,"['FF Adedoyin', 'B Christiansen']",google_scholar
Future of Productivity Management: The Role of Generative AI,https://www.igi-global.com/chapter/future-of-productivity-management/368885,2025.0,Generative AI for Business …,"['H Khan', 'V Chetan', 'SV Hukkeri']",google_scholar
Generative AI Uses and Risks for Knowledge Workers in a Science Organization,https://dl.acm.org/doi/abs/10.1145/3706598.3713827,2025.0,… of the 2025 CHI Conference on …,"['KB Wagman', 'MT Dearing', 'M Chetty']",google_scholar
THE LLM PRODUCTIVITY CLIFF: THRESHOLD PRODUCTIVITY AND AI-NATIVE INEQUALITY,https://www.authorea.com/doi/full/10.22541/au.176479278.82636337,2025.0,Authorea Preprints,['F Bisardi'],google_scholar
Leveraging AI ChatGPT as a Research Assistant: An Analysis of Its Impact on Productivity and Research Output among Graduate Students in Pakistan,http://jals.miard.org/index.php/jals/article/view/173,2024.0,Journal of Arts and Linguistics Studies,"['M Nisar', 'M Asif']",google_scholar
Addressing the productivity paradox in healthcare with retrieval augmented generative AI chatbots,https://ieeexplore.ieee.org/abstract/document/10540818/,2024.0,2024 IEEE …,"['S Ranasinghe', 'D De Silva', 'N Mills']",google_scholar
How knowledge workers use and want to use llms in an enterprise context,https://dl.acm.org/doi/abs/10.1145/3613905.3650841,2024.0,Extended Abstracts of the …,"['M Brachman', 'A El-Ashry', 'C Dugan']",google_scholar
Examining the use and impact of an ai code assistant on developer productivity and experience in the enterprise,https://dl.acm.org/doi/abs/10.1145/3706599.3706670,2025.0,Proceedings of the …,"['JD Weisz', 'SV Kumar', 'M Muller', 'KE Browne']",google_scholar
Using artificial intelligence in academic writing and research: An essential productivity tool,https://www.sciencedirect.com/science/article/pii/S2666990024000120,2024.0,Computer Methods and Programs in Biomedicine …,"['M Khalifa', 'M Albadawy']",google_scholar
Organizing for Generative AI and the Productivity Revolution: Reshaping Organizational Roles in the Age of Artificial Intelligence,https://books.google.com/books?hl=en&lr=&id=vbUvEQAAQBAJ&oi=fnd&pg=PR5&dq=(%22LLM%22+OR+%22large+language+model%22+OR+%22generative+AI%22+OR+%22ChatGPT%22+OR+%22AI+chatbot%22)+AND+(%22productivity%22+OR+%22workplace%22+OR+%22knowledge+work%22+OR+%22task+performance%22+OR+%22professional+writing%22+OR+%22writing+task%22+OR+%22essay+writing%22+OR+%22writing+assistant%22+OR+%22writing+assistance%22+OR+%22writing+skills%22+OR+%22cognitive+load%22+OR+%22cognitive+debt%22+OR+%22metacognition%22+OR+%22metacognitive%22+OR+%22self-regulated+learning%22+OR+%22learning+outcomes%22+OR+%22learning+engagement%22+OR+%22student+engagement%22+OR+%22academic+engagement%22+OR+%22AI+tutor%22+OR+%22tutor%22+OR+%22homework+tutor%22+OR+%22mathematics%22+OR+%22high+school+math%22+OR+%22programming%22+OR+%22programming+assignment%22+OR+%22compiler+error%22+OR+%22automated+assessment%22+OR+%22feedback%22+OR+%22reading+comprehension%22+OR+%22note-taking%22+OR+%22memory+retention%22+OR+%22critical+thinking%22+OR+%22higher+education%22+OR+%22EFL+writing%22+OR+%22assistive+technology%22+OR+%22visual+disability%22+OR+%22GitHub+Copilot%22+OR+%22Copilot%22)&ots=dYPFACExlb&sig=3zAVdcMRVykPpMZA6bTVIong6lk,2024.0,,"[""AJ O'Connor""]",google_scholar
Practical Generative AI with ChatGPT: Unleash your prompt engineering potential with OpenAI technologies for productivity and creativity,https://books.google.com/books?hl=en&lr=&id=u2JREQAAQBAJ&oi=fnd&pg=PP1&dq=(%22LLM%22+OR+%22large+language+model%22+OR+%22generative+AI%22+OR+%22ChatGPT%22+OR+%22AI+chatbot%22)+AND+(%22productivity%22+OR+%22workplace%22+OR+%22knowledge+work%22+OR+%22task+performance%22+OR+%22professional+writing%22+OR+%22writing+task%22+OR+%22essay+writing%22+OR+%22writing+assistant%22+OR+%22writing+assistance%22+OR+%22writing+skills%22+OR+%22cognitive+load%22+OR+%22cognitive+debt%22+OR+%22metacognition%22+OR+%22metacognitive%22+OR+%22self-regulated+learning%22+OR+%22learning+outcomes%22+OR+%22learning+engagement%22+OR+%22student+engagement%22+OR+%22academic+engagement%22+OR+%22AI+tutor%22+OR+%22tutor%22+OR+%22homework+tutor%22+OR+%22mathematics%22+OR+%22high+school+math%22+OR+%22programming%22+OR+%22programming+assignment%22+OR+%22compiler+error%22+OR+%22automated+assessment%22+OR+%22feedback%22+OR+%22reading+comprehension%22+OR+%22note-taking%22+OR+%22memory+retention%22+OR+%22critical+thinking%22+OR+%22higher+education%22+OR+%22EFL+writing%22+OR+%22assistive+technology%22+OR+%22visual+disability%22+OR+%22GitHub+Copilot%22+OR+%22Copilot%22)&ots=LFDzAm3bjN&sig=RCalbS8wErdddU-QrEOXZytxJyc,2025.0,,['V Alto'],google_scholar
Using ChatGPT as a writing assistant: A study on essay quality development among Indonesian EFL University Students,https://vm113.upi.edu/index.php/ijal/article/view/258,2025.0,Indonesian Journal of …,"['CG Puteri', 'BY Cahyono', 'U Widiati']",google_scholar
Optimizing the Grant Writing Process: A Framework for Creating a Grant Writing Assistant Using ChatGPT 4,https://dl.acm.org/doi/abs/10.1145/3641237.3691693,2024.0,Proceedings of the 42nd ACM International …,"['B Kasierski', 'E Fagnano']",google_scholar
Artificial intelligence-based language modelling: The effect of ChatGPT application on writing skills in the context of teaching English as a foreign language,https://acikerisim.uludag.edu.tr/items/68ddad61-a55a-401a-8729-df5fc3c13eb7,2024.0,,['GC Kulaksız'],google_scholar
ChatGPT and Improvement in Productivity: An analytical Study,https://bbejournal.com/BBE/article/view/1022,2024.0,Bulletin of Business and Economics (BBE),"['K Rasheed', 'SQ ul Ain']",google_scholar
"Teacher, trainer, counsel, spy: how generative AI can bridge or widen the gaps in worker-centric digital phenotyping of wellbeing",https://dl.acm.org/doi/abs/10.1145/3663384.3663401,2024.0,Proceedings of the 3rd Annual Meeting of the …,"['V Das Swain', 'K Saha']",google_scholar
Appropriateness of llm-equipped robotic well-being coach language in the workplace: A qualitative evaluation,https://ieeexplore.ieee.org/abstract/document/10731269/,2024.0,2024 33rd IEEE International …,"['M Spitale', 'M Axelsson', 'H Gunes']",google_scholar
The Impact of ChatGPT on Academic Writing Skills and Knowledge: An Investigation of Its Use in Argumentative Essays.,https://eric.ed.gov/?id=EJ1470999,2025.0,LEARN Journal: Language Education and Acquisition …,['D Khampusaen'],google_scholar
How ChatGPT undermines my research productivity,https://link.springer.com/article/10.1007/s00146-025-02523-3,2025.0,AI & SOCIETY,"['HH Pham', 'TBA Nguyen']",google_scholar
The Effect of Generative AI on the Productivity of Consultants,https://search.proquest.com/openview/a02304b5d86922dacfe44d2c451d739f/1?pq-origsite=gscholar&cbl=2026366&diss=y,2024.0,,['M Brommann'],google_scholar
THE IMPACT OF GENERATIVE AI ON WORKFORCE PRODUCTIVITY AND CREATIVE PROBLEM SOLVING,https://papers.ssrn.com/sol3/papers.cfm?abstract_id=5268208,2025.0,Available at SSRN 5268208,['A Arora'],google_scholar
Generative AI: boosting adaptability and reducing workplace overload,https://www.tandfonline.com/doi/abs/10.1080/08874417.2024.2417672,2024.0,Journal of Computer …,"['H Hessari', 'A Bai', 'F Daneshmandi']",google_scholar
Collaborative processing of ChatGPT-generated feedback: Effects on L2 writing task improvement and learning,https://scholarspace.manoa.hawaii.edu/items/46bc7cb5-5d37-48a4-9cfd-881d5fa69643,2024.0,,['D Yan'],google_scholar
ChatGPT as an artificial intelligence (AI) writing assistant for EFL learners: An exploratory study of its effects on English writing proficiency,https://dl.acm.org/doi/abs/10.1145/3664934.3664946,2024.0,Proceedings of the 2024 9th International conference …,['Q Xiao'],google_scholar
The use of ChatGPT in source-based writing tasks,https://link.springer.com/article/10.1007/s40593-024-00413-1,2025.0,International Journal of …,"['C Tarchi', 'A Zappoli', 'L Casado Ledesma']",google_scholar
